﻿<?xml version="1.0" encoding="utf-8"?>
<publishData>
  <publishProfile publishUrl="E:\Release\ODataAPI" deleteExistingFiles="False" ftpAnonymousLogin="False" ftpPassiveMode="True" msdeploySite="" msdeploySiteID="" msdeployRemoteSitePhysicalPath="" msdeployAllowUntrustedCertificate="False" msdeploySkipExtraFilesOnServer="True" msdeployMarkAsApp="False" profileName="Profile1" publishMethod="FileSystem" replaceMatchingFiles="True" userName="" savePWD="False" userPWD="" SelectedForPublish="True">
    <file relUrl="Scripts/jquery-1.7.1.js" publishTime="06/08/2013 07:28:36" />
    <file relUrl="Content/themes/base/minified/jquery.ui.slider.min.css" publishTime="06/08/2013 07:28:37" />
    <file relUrl="bin/Antlr3.Runtime.dll" publishTime="06/08/2013 07:28:40" />
    <file relUrl="bin/System.Web.Providers.dll" publishTime="06/08/2013 07:28:39" />
    <file relUrl="bin/fr/Microsoft.Data.OData.resources.dll" publishTime="06/08/2013 07:31:32" />
    <file relUrl="Content/themes/base/jquery.ui.datepicker.css" publishTime="06/08/2013 07:28:37" />
    <file relUrl="bin/System.Web.Helpers.xml" publishTime="06/08/2013 07:28:38" />
    <file relUrl="Content/themes/base/minified/jquery-ui.min.css" publishTime="06/08/2013 07:28:37" />
    <file relUrl="Scripts/jquery.unobtrusive-ajax.js" publishTime="06/08/2013 07:28:37" />
    <file relUrl="bin/zh-Hans/Microsoft.Data.OData.resources.dll" publishTime="06/08/2013 07:31:32" />
    <file relUrl="Content/themes/base/minified/jquery.ui.autocomplete.min.css" publishTime="06/08/2013 07:28:37" />
    <file relUrl="bin/Microsoft.Web.Infrastructure.dll" publishTime="06/08/2013 07:28:37" />
    <file relUrl="Content/themes/base/images/ui-bg_highlight-soft_75_cccccc_1x100.png" publishTime="06/08/2013 07:28:37" />
    <file relUrl="Content/themes/base/jquery.ui.slider.css" publishTime="06/08/2013 07:28:37" />
    <file relUrl="bin/System.Web.WebPages.dll" publishTime="06/08/2013 07:28:38" />
    <file relUrl="Scripts/_references.js" publishTime="06/08/2013 07:28:25" />
    <file relUrl="Content/themes/base/jquery.ui.selectable.css" publishTime="06/08/2013 07:28:37" />
    <file relUrl="Content/themes/base/minified/images/ui-icons_222222_256x240.png" publishTime="06/08/2013 07:28:37" />
    <file relUrl="Scripts/jquery.validate.js" publishTime="06/08/2013 07:28:36" />
    <file relUrl="bin/System.Web.Razor.xml" publishTime="06/08/2013 07:28:38" />
    <file relUrl="bin/System.Net.Http.xml" publishTime="06/23/2012 01:00:28" />
    <file relUrl="Content/themes/base/jquery.ui.all.css" publishTime="06/08/2013 07:28:37" />
    <file relUrl="bin/System.Web.Razor.dll" publishTime="06/08/2013 07:28:38" />
    <file relUrl="Views/Home/Index.cshtml" publishTime="06/08/2013 07:28:25" />
    <file relUrl="bin/System.Net.Http.Formatting.xml" publishTime="06/08/2013 07:31:32" />
    <file relUrl="Views/Shared/Error.cshtml" publishTime="06/08/2013 07:28:25" />
    <file relUrl="Content/themes/base/minified/jquery.ui.progressbar.min.css" publishTime="06/08/2013 07:28:37" />
    <file relUrl="bin/System.Spatial.xml" publishTime="06/08/2013 07:31:32" />
    <file relUrl="Scripts/jquery-1.7.1.min.js" publishTime="06/08/2013 07:28:36" />
    <file relUrl="bin/de/Microsoft.Data.OData.resources.dll" publishTime="06/08/2013 07:31:32" />
    <file relUrl="Images/orderedList4.png" publishTime="06/08/2013 07:28:25" />
    <file relUrl="bin/zh-Hans/Microsoft.Data.Edm.resources.dll" publishTime="06/08/2013 07:31:32" />
    <file relUrl="Content/themes/base/images/ui-bg_glass_55_fbf9ee_1x400.png" publishTime="06/08/2013 07:28:37" />
    <file relUrl="Content/themes/base/minified/jquery.ui.accordion.min.css" publishTime="06/08/2013 07:28:37" />
    <file relUrl="Content/themes/base/jquery-ui.css" publishTime="06/08/2013 07:28:37" />
    <file relUrl="Content/themes/base/jquery.ui.resizable.css" publishTime="06/08/2013 07:28:37" />
    <file relUrl="bin/System.Net.Http.Formatting.dll" publishTime="06/08/2013 07:31:32" />
    <file relUrl="Content/themes/base/jquery.ui.tabs.css" publishTime="06/08/2013 07:28:37" />
    <file relUrl="bin/System.Web.WebPages.xml" publishTime="06/08/2013 07:28:38" />
    <file relUrl="Scripts/knockout-2.1.0.debug.js" publishTime="06/08/2013 07:28:41" />
    <file relUrl="bin/System.Web.Http.OData.dll" publishTime="06/08/2013 07:31:32" />
    <file relUrl="Images/orderedList1.png" publishTime="06/08/2013 07:28:25" />
    <file relUrl="Content/themes/base/images/ui-icons_2e83ff_256x240.png" publishTime="06/08/2013 07:28:37" />
    <file relUrl="Content/themes/base/minified/jquery.ui.tabs.min.css" publishTime="06/08/2013 07:28:37" />
    <file relUrl="bin/System.Web.WebPages.Deployment.dll" publishTime="06/08/2013 07:28:38" />
    <file relUrl="bin/Newtonsoft.Json.dll" publishTime="06/08/2013 07:31:32" />
    <file relUrl="bin/ru/Microsoft.Data.OData.resources.dll" publishTime="06/08/2013 07:31:32" />
    <file relUrl="Scripts/jquery-ui-1.8.20.min.js" publishTime="06/08/2013 07:28:37" />
    <file relUrl="bin/zh-Hant/System.Spatial.resources.dll" publishTime="06/08/2013 07:31:32" />
    <file relUrl="Images/heroAccent.png" publishTime="06/08/2013 07:28:25" />
    <file relUrl="bin/fr/Microsoft.Data.Edm.resources.dll" publishTime="06/08/2013 07:31:32" />
    <file relUrl="Global.asax" publishTime="06/08/2013 07:28:25" />
    <file relUrl="bin/EntityFramework.xml" publishTime="06/08/2013 07:28:28" />
    <file relUrl="Images/orderedList3.png" publishTime="06/08/2013 07:28:25" />
    <file relUrl="Images/orderedList5.png" publishTime="06/08/2013 07:28:25" />
    <file relUrl="Content/themes/base/minified/jquery.ui.theme.min.css" publishTime="06/08/2013 07:28:37" />
    <file relUrl="Web.config" publishTime="06/09/2013 13:38:00" />
    <file relUrl="bin/ko/Microsoft.Data.OData.resources.dll" publishTime="06/08/2013 07:31:32" />
    <file relUrl="Content/themes/base/minified/images/ui-bg_glass_65_ffffff_1x400.png" publishTime="06/08/2013 07:28:37" />
    <file relUrl="bin/fr/System.Spatial.resources.dll" publishTime="06/08/2013 07:31:32" />
    <file relUrl="packages.config" publishTime="06/08/2013 07:31:38" />
    <file relUrl="Content/themes/base/jquery.ui.dialog.css" publishTime="06/08/2013 07:28:37" />
    <file relUrl="bin/Newtonsoft.Json.xml" publishTime="06/08/2013 07:31:32" />
    <file relUrl="Content/themes/base/minified/images/ui-icons_2e83ff_256x240.png" publishTime="06/08/2013 07:28:37" />
    <file relUrl="bin/Microsoft.Data.OData.xml" publishTime="06/08/2013 07:31:32" />
    <file relUrl="bin/de/Microsoft.Data.Edm.resources.dll" publishTime="06/08/2013 07:31:32" />
    <file relUrl="Content/themes/base/minified/images/ui-bg_glass_55_fbf9ee_1x400.png" publishTime="06/08/2013 07:28:37" />
    <file relUrl="Content/themes/base/images/ui-icons_222222_256x240.png" publishTime="06/08/2013 07:28:37" />
    <file relUrl="Content/themes/base/minified/images/ui-icons_cd0a0a_256x240.png" publishTime="06/08/2013 07:28:37" />
    <file relUrl="bin/System.Web.Optimization.dll" publishTime="06/08/2013 07:28:40" />
    <file relUrl="Content/themes/base/minified/jquery.ui.dialog.min.css" publishTime="06/08/2013 07:28:37" />
    <file relUrl="Scripts/jquery.validate.unobtrusive.min.js" publishTime="06/08/2013 07:28:37" />
    <file relUrl="bin/System.Web.Mvc.xml" publishTime="06/08/2013 07:28:38" />
    <file relUrl="bin/ja/Microsoft.Data.Edm.resources.dll" publishTime="06/08/2013 07:31:32" />
    <file relUrl="Content/themes/base/minified/images/ui-bg_glass_75_e6e6e6_1x400.png" publishTime="06/08/2013 07:28:37" />
    <file relUrl="Views/_ViewStart.cshtml" publishTime="06/08/2013 07:28:25" />
    <file relUrl="bin/ja/Microsoft.Data.OData.resources.dll" publishTime="06/08/2013 07:31:32" />
    <file relUrl="Content/themes/base/jquery.ui.autocomplete.css" publishTime="06/08/2013 07:28:37" />
    <file relUrl="bin/it/System.Spatial.resources.dll" publishTime="06/08/2013 07:31:32" />
    <file relUrl="bin/it/Microsoft.Data.OData.resources.dll" publishTime="06/08/2013 07:31:32" />
    <file relUrl="bin/Microsoft.Data.Edm.dll" publishTime="06/08/2013 07:31:32" />
    <file relUrl="bin/Microsoft.Data.OData.dll" publishTime="06/08/2013 07:31:32" />
    <file relUrl="Content/themes/base/images/ui-bg_glass_75_e6e6e6_1x400.png" publishTime="06/08/2013 07:28:37" />
    <file relUrl="favicon.ico" publishTime="06/08/2013 07:28:25" />
    <file relUrl="Images/accent.png" publishTime="06/08/2013 07:28:25" />
    <file relUrl="Scripts/jquery.validate-vsdoc.js" publishTime="06/08/2013 07:28:36" />
    <file relUrl="Content/themes/base/jquery.ui.theme.css" publishTime="06/08/2013 07:28:37" />
    <file relUrl="Content/themes/base/images/ui-bg_glass_95_fef1ec_1x400.png" publishTime="06/08/2013 07:28:37" />
    <file relUrl="Content/themes/base/minified/images/ui-bg_glass_75_dadada_1x400.png" publishTime="06/08/2013 07:28:37" />
    <file relUrl="Content/themes/base/minified/images/ui-bg_flat_75_ffffff_40x100.png" publishTime="06/08/2013 07:28:37" />
    <file relUrl="bin/System.Spatial.dll" publishTime="06/08/2013 07:31:32" />
    <file relUrl="Images/orderedList7.png" publishTime="06/08/2013 07:28:25" />
    <file relUrl="bin/zh-Hant/Microsoft.Data.OData.resources.dll" publishTime="06/08/2013 07:31:32" />
    <file relUrl="Scripts/jquery-1.7.1-vsdoc.js" publishTime="06/08/2013 07:28:36" />
    <file relUrl="Content/themes/base/images/ui-bg_glass_75_dadada_1x400.png" publishTime="06/08/2013 07:28:37" />
    <file relUrl="Content/themes/base/images/ui-icons_454545_256x240.png" publishTime="06/08/2013 07:28:37" />
    <file relUrl="Content/themes/base/jquery.ui.button.css" publishTime="06/08/2013 07:28:37" />
    <file relUrl="Content/themes/base/minified/images/ui-icons_888888_256x240.png" publishTime="06/08/2013 07:28:37" />
    <file relUrl="bin/ko/System.Spatial.resources.dll" publishTime="06/08/2013 07:31:32" />
    <file relUrl="Content/themes/base/jquery.ui.core.css" publishTime="06/08/2013 07:28:37" />
    <file relUrl="bin/zh-Hant/Microsoft.Data.Edm.resources.dll" publishTime="06/08/2013 07:31:32" />
    <file relUrl="Content/themes/base/images/ui-bg_glass_65_ffffff_1x400.png" publishTime="06/08/2013 07:28:37" />
    <file relUrl="Content/themes/base/minified/images/ui-bg_glass_95_fef1ec_1x400.png" publishTime="06/08/2013 07:28:37" />
    <file relUrl="bin/System.Web.WebPages.Razor.xml" publishTime="06/08/2013 07:28:38" />
    <file relUrl="bin/it/Microsoft.Data.Edm.resources.dll" publishTime="06/08/2013 07:31:32" />
    <file relUrl="Views/Shared/_Layout.cshtml" publishTime="06/08/2013 07:28:25" />
    <file relUrl="Images/orderedList2.png" publishTime="06/08/2013 07:28:25" />
    <file relUrl="Content/themes/base/images/ui-icons_cd0a0a_256x240.png" publishTime="06/08/2013 07:28:37" />
    <file relUrl="bin/WebGrease.dll" publishTime="06/08/2013 07:28:40" />
    <file relUrl="Images/orderedList9.png" publishTime="06/08/2013 07:28:25" />
    <file relUrl="Content/themes/base/jquery.ui.accordion.css" publishTime="06/08/2013 07:28:37" />
    <file relUrl="bin/System.Web.Http.WebHost.dll" publishTime="06/08/2013 07:28:39" />
    <file relUrl="Content/themes/base/images/ui-bg_flat_0_aaaaaa_40x100.png" publishTime="06/08/2013 07:28:37" />
    <file relUrl="bin/ja/System.Spatial.resources.dll" publishTime="06/08/2013 07:31:32" />
    <file relUrl="Content/themes/base/minified/images/ui-icons_454545_256x240.png" publishTime="06/08/2013 07:28:37" />
    <file relUrl="Content/themes/base/minified/jquery.ui.resizable.min.css" publishTime="06/08/2013 07:28:37" />
    <file relUrl="Content/themes/base/minified/jquery.ui.core.min.css" publishTime="06/08/2013 07:28:37" />
    <file relUrl="Content/themes/base/images/ui-bg_flat_75_ffffff_40x100.png" publishTime="06/08/2013 07:28:37" />
    <file relUrl="bin/de/System.Spatial.resources.dll" publishTime="06/08/2013 07:31:32" />
    <file relUrl="Content/Site.css" publishTime="06/08/2013 07:28:25" />
    <file relUrl="Scripts/jquery.validate.unobtrusive.js" publishTime="06/08/2013 07:28:37" />
    <file relUrl="bin/System.Web.WebPages.Razor.dll" publishTime="06/08/2013 07:28:38" />
    <file relUrl="bin/System.Web.Http.OData.xml" publishTime="06/08/2013 07:31:32" />
    <file relUrl="bin/ru/System.Spatial.resources.dll" publishTime="06/08/2013 07:31:32" />
    <file relUrl="bin/System.Web.Mvc.dll" publishTime="06/08/2013 07:28:38" />
    <file relUrl="bin/EntityFramework.dll" publishTime="06/08/2013 07:28:28" />
    <file relUrl="bin/System.Web.Http.WebHost.xml" publishTime="06/08/2013 07:28:39" />
    <file relUrl="Images/orderedList8.png" publishTime="06/08/2013 07:28:25" />
    <file relUrl="Scripts/jquery-ui-1.8.20.js" publishTime="06/08/2013 07:28:37" />
    <file relUrl="bin/es/System.Spatial.resources.dll" publishTime="06/08/2013 07:31:32" />
    <file relUrl="bin/System.Web.Http.dll" publishTime="06/08/2013 07:31:32" />
    <file relUrl="Scripts/modernizr-2.5.3.js" publishTime="06/08/2013 07:28:37" />
    <file relUrl="bin/es/Microsoft.Data.Edm.resources.dll" publishTime="06/08/2013 07:31:32" />
    <file relUrl="bin/System.Web.Http.xml" publishTime="06/08/2013 07:31:32" />
    <file relUrl="Content/themes/base/images/ui-icons_888888_256x240.png" publishTime="06/08/2013 07:28:37" />
    <file relUrl="Content/themes/base/jquery.ui.progressbar.css" publishTime="06/08/2013 07:28:37" />
    <file relUrl="Images/bullet.png" publishTime="06/08/2013 07:28:25" />
    <file relUrl="Content/themes/base/minified/jquery.ui.selectable.min.css" publishTime="06/08/2013 07:28:37" />
    <file relUrl="Scripts/knockout-2.1.0.js" publishTime="06/08/2013 07:28:41" />
    <file relUrl="bin/WebApiOData.dll" publishTime="06/09/2013 17:30:38" />
    <file relUrl="Images/orderedList6.png" publishTime="06/08/2013 07:28:25" />
    <file relUrl="bin/System.Web.Helpers.dll" publishTime="06/08/2013 07:28:38" />
    <file relUrl="bin/Microsoft.Data.Edm.xml" publishTime="06/08/2013 07:31:32" />
    <file relUrl="Views/Web.config" publishTime="06/08/2013 07:28:25" />
    <file relUrl="Content/themes/base/minified/images/ui-bg_flat_0_aaaaaa_40x100.png" publishTime="06/08/2013 07:28:37" />
    <file relUrl="Scripts/jquery.validate.min.js" publishTime="06/08/2013 07:28:36" />
    <file relUrl="bin/zh-Hans/System.Spatial.resources.dll" publishTime="06/08/2013 07:31:32" />
    <file relUrl="Content/themes/base/minified/jquery.ui.button.min.css" publishTime="06/08/2013 07:28:37" />
    <file relUrl="Scripts/jquery.unobtrusive-ajax.min.js" publishTime="06/08/2013 07:28:37" />
    <file relUrl="bin/es/Microsoft.Data.OData.resources.dll" publishTime="06/08/2013 07:31:32" />
    <file relUrl="Content/themes/base/jquery.ui.base.css" publishTime="06/08/2013 07:28:37" />
    <file relUrl="Content/themes/base/minified/jquery.ui.datepicker.min.css" publishTime="06/08/2013 07:28:37" />
    <file relUrl="bin/ru/Microsoft.Data.Edm.resources.dll" publishTime="06/08/2013 07:31:32" />
    <file relUrl="bin/System.Net.Http.dll" publishTime="07/10/2012 21:52:12" />
    <file relUrl="bin/ko/Microsoft.Data.Edm.resources.dll" publishTime="06/08/2013 07:31:32" />
    <file relUrl="Images/orderedList0.png" publishTime="06/08/2013 07:28:25" />
    <file relUrl="bin/WebApiOData.pdb" publishTime="06/09/2013 17:30:38" />
    <file relUrl="Content/themes/base/minified/images/ui-bg_highlight-soft_75_cccccc_1x100.png" publishTime="06/08/2013 07:28:37" />
    <file relUrl="bin/System.Web.WebPages.Deployment.xml" publishTime="06/08/2013 07:28:38" />
  </publishProfile>
</publishData>