2013-11-01 00,4,5,1028,81,3.6,East,Foggy
2013-11-01 01,4,4,1028,87,3.6,East,Foggy
2013-11-01 02,5,4,1028,87,0,NULL,Foggy
2013-11-01 03,5,4,1027,81,0,NULL,Foggy
2013-11-01 04,5,4,1027,87,3.6,North,Foggy
2013-11-01 05,4,4,1027,81,3.6,North,Foggy
2013-11-01 06,4,4,1027,81,7.2,Northeast,Foggy
2013-11-01 07,4,4,1027,87,0,NULL,Foggy
2013-11-01 08,5,5,1028,87,7.2,Northeast,Foggy
2013-11-01 09,4,7,1028,76,3.6,Northeast,Foggy
2013-11-01 10,4,9,1028,66,3.6,NULL,Foggy
2013-11-01 11,4,10,1027,58,3.6,NULL,Foggy
2013-11-01 12,4,11,1026,58,3.6,NULL,Foggy
2013-11-01 13,4,11,1025,62,7.2,Southeast,Foggy
2013-11-01 14,5,12,1025,54,7.2,Southeast,Foggy
2013-11-01 15,5,13,1024,51,10.8,Southeast,Foggy
2013-11-01 16,5,12,1024,51,7.2,Southeast,Foggy
2013-11-01 17,4,12,1024,51,14.4,Southwest,Foggy
2013-11-01 18,4,11,1025,58,10.8,South,Rainy
2013-11-01 19,4,10,1025,66,3.6,NULL,Foggy
2013-11-01 20,NULL,10,1025,71,3.6,NULL,Foggy
2013-11-01 21,NULL,10,1025,66,7.2,Southeast,Foggy
2013-11-01 22,NULL,9,1024,66,3.6,NULL,Foggy
2013-11-01 23,NULL,7,1024,76,3.6,NULL,Foggy
2013-11-02 00,NULL,7,1024,81,3.6,NULL,Foggy
2013-11-02 01,NULL,7,1024,81,3.6,NULL,Foggy
2013-11-02 02,NULL,8,1023,81,3.6,NULL,Foggy
2013-11-02 03,NULL,6,1023,81,3.6,NULL,Foggy
2013-11-02 04,NULL,5,1023,87,0,NULL,Foggy
2013-11-02 05,NULL,4,1023,87,0,NULL,Foggy
2013-11-02 06,NULL,3,1023,87,3.6,NULL,Foggy
2013-11-02 07,NULL,4,1023,87,0,NULL,Foggy
2013-11-02 08,NULL,4,1024,87,3.6,Southeast,Foggy
2013-11-02 09,NULL,6,1024,87,7.2,Northeast,Foggy
2013-11-02 10,NULL,9,1024,82,3.6,NULL,Foggy
2013-11-02 11,NULL,11,1023,67,3.6,NULL,Foggy
2013-11-02 12,NULL,12,1023,62,7.2,Southeast,Foggy
2013-11-02 13,NULL,13,1021,58,7.2,Southeast,Foggy
2013-11-02 14,NULL,14,1021,55,10.8,Southwest,Foggy
2013-11-02 15,NULL,14,1020,55,10.8,South,Foggy
2013-11-02 16,NULL,13,1020,58,10.8,South,Foggy
2013-11-02 17,NULL,10,1020,66,7.2,South,Foggy
2013-11-02 18,NULL,9,1021,71,10.8,South,Foggy
2013-11-02 19,NULL,8,1021,76,7.2,Southeast,Foggy
2013-11-02 20,NULL,8,1021,76,3.6,Southeast,Foggy
2013-11-02 21,NULL,8,1021,76,3.6,NULL,Foggy
2013-11-02 22,NULL,9,1022,82,10.8,North,Foggy
2013-11-02 23,NULL,8,1022,81,3.6,East,Foggy
2013-11-03 00,NULL,7,1022,81,0,NULL,Foggy
2013-11-03 01,NULL,7,1022,81,3.6,NULL,Foggy
2013-11-03 02,NULL,6,1022,81,3.6,NULL,Foggy
2013-11-03 03,NULL,9,1022,71,14.4,Northwest,Foggy
2013-11-03 04,NULL,11,1021,50,25.2,Northwest,Sunny
2013-11-03 05,NULL,10,1022,50,14.4,West,Sunny
2013-11-03 06,NULL,11,1022,41,10.8,NULL,Sunny
2013-11-03 07,NULL,12,1022,35,21.6,Northwest,Sunny
2013-11-03 08,NULL,13,1023,33,25.2,Northwest,Sunny
2013-11-03 09,NULL,15,1024,29,18,Northwest,Sunny
2013-11-03 10,NULL,17,1024,24,36,Northwest,Sunny
2013-11-03 11,NULL,18,1024,21,28.8,Northwest,Sunny
2013-11-03 12,NULL,19,1024,17,28.8,Northwest,Sunny
2013-11-03 13,NULL,20,1024,13,28.8,Northwest,Sunny
2013-11-03 14,NULL,19,1024,14,32.4,North,Sunny
2013-11-03 15,NULL,19,1024,14,28.8,North,Sunny
2013-11-03 16,NULL,18,1024,16,25.2,Northwest,Sunny
2013-11-03 17,NULL,17,1025,16,21.6,Northwest,Sunny
2013-11-03 18,NULL,16,1025,19,21.6,Northwest,Sunny
2013-11-03 19,NULL,11,1026,28,7.2,Northeast,Sunny
2013-11-03 20,NULL,8,1027,43,3.6,NULL,Sunny
2013-11-03 21,NULL,8,1027,37,7.2,Northeast,Sunny
2013-11-03 22,NULL,8,1028,37,10.8,North,Sunny
2013-11-03 23,NULL,5,1028,53,7.2,North,Sunny
2013-11-04 00,NULL,4,1029,61,3.6,NULL,Sunny
2013-11-04 01,NULL,4,1029,65,3.6,NULL,Sunny
2013-11-04 02,NULL,5,1030,57,3.6,NULL,Sunny
2013-11-04 03,NULL,3,1029,65,3.6,NULL,Sunny
2013-11-04 04,NULL,3,1029,70,7.2,North,Sunny
2013-11-04 05,NULL,7,1029,46,7.2,Northwest,Sunny
2013-11-04 06,NULL,3,1030,60,7.2,North,Sunny
2013-11-04 07,NULL,3,1030,65,3.6,Northeast,Sunny
2013-11-04 08,NULL,7,1030,61,7.2,North,Sunny
2013-11-04 09,NULL,11,1030,35,10.8,Northwest,Sunny
2013-11-04 10,NULL,14,1030,27,10.8,North,Sunny
2013-11-04 11,NULL,16,1030,20,3.6,NULL,Sunny
2013-11-04 12,NULL,17,1029,20,7.2,West,Sunny
2013-11-04 13,NULL,17,1027,20,7.2,South,Sunny
2013-11-04 14,NULL,18,1027,18,10.8,Southwest,Sunny
2013-11-04 15,NULL,17,1026,19,10.8,Southwest,Sunny
2013-11-04 16,NULL,17,1026,19,14.4,Southwest,Sunny
2013-11-04 17,NULL,15,1025,23,14.4,South,Sunny
2013-11-04 18,NULL,12,1025,33,3.6,NULL,Sunny
2013-11-04 19,NULL,9,1026,50,3.6,South,Sunny
2013-11-04 20,NULL,8,1025,57,3.6,NULL,Sunny
2013-11-04 21,NULL,6,1026,66,3.6,Southeast,Sunny
2013-11-04 22,NULL,7,1026,57,3.6,NULL,Sunny
2013-11-04 23,NULL,8,1025,53,7.2,East,Sunny
2013-11-05 00,NULL,6,1025,61,7.2,Northeast,Sunny
2013-11-05 01,NULL,6,1024,61,3.6,Northeast,Sunny
2013-11-05 02,NULL,7,1024,61,3.6,NULL,Sunny
2013-11-05 03,NULL,7,1023,57,3.6,Northeast,Sunny
2013-11-05 04,NULL,7,1023,61,3.6,NULL,Sunny
2013-11-05 05,NULL,7,1022,61,7.2,Southeast,Sunny
2013-11-05 06,NULL,7,1022,61,3.6,NULL,NULL
2013-11-05 07,NULL,7,1022,66,3.6,NULL,NULL
2013-11-05 08,NULL,8,1021,62,3.6,East,NULL
2013-11-05 09,NULL,10,1022,50,7.2,Northwest,Foggy
2013-11-05 10,NULL,11,1021,47,7.2,North,Foggy
2013-11-05 11,NULL,12,1021,44,3.6,NULL,Foggy
2013-11-05 12,NULL,13,1020,41,3.6,NULL,Foggy
2013-11-05 13,NULL,13,1019,41,3.6,NULL,Foggy
2013-11-05 14,NULL,13,1019,41,7.2,Southeast,Foggy
2013-11-05 15,NULL,13,1018,38,7.2,Southeast,Foggy
2013-11-05 16,NULL,13,1018,41,7.2,South,Foggy
2013-11-05 17,NULL,11,1018,54,3.6,NULL,Foggy
2013-11-05 18,NULL,8,1019,66,3.6,NULL,Foggy
2013-11-05 19,NULL,8,1019,66,3.6,NULL,Foggy
2013-11-05 20,NULL,6,1019,70,3.6,East,Foggy
2013-11-05 21,NULL,5,1019,81,3.6,East,Foggy
2013-11-05 22,NULL,5,1019,76,3.6,NULL,Foggy
2013-11-05 23,4,5,1019,76,7.2,North,Foggy
2013-11-06 00,4,4,1018,81,3.6,NULL,Foggy
2013-11-06 01,NULL,4,1018,81,7.2,North,Foggy
2013-11-06 02,NULL,3,1018,81,3.6,NULL,Foggy
2013-11-06 03,NULL,3,1017,81,7.2,North,Foggy
2013-11-06 04,NULL,2,1017,81,10.8,North,Foggy
2013-11-06 05,NULL,2,1016,87,7.2,North,Foggy
2013-11-06 06,NULL,2,1016,87,3.6,NULL,Foggy
2013-11-06 07,NULL,2,1016,87,3.6,NULL,Foggy
2013-11-06 08,NULL,5,1017,81,14.4,North,Foggy
2013-11-06 09,NULL,8,1017,66,10.8,Northwest,Foggy
2013-11-06 10,NULL,11,1016,50,7.2,Northwest,Foggy
2013-11-06 11,NULL,13,1016,41,7.2,NULL,Foggy
2013-11-06 12,NULL,18,1015,12,39.6,Northwest,Sunny
2013-11-06 13,NULL,18,1015,8,50.4,Northwest,Sunny
2013-11-06 14,NULL,18,1015,8,36,Northwest,Sunny
2013-11-06 15,0,18,1015,8,39.6,Northwest,Sunny
2013-11-06 16,NULL,16,1016,7,39.6,Northwest,Sunny
2013-11-06 17,NULL,15,1017,8,46.8,Northwest,Sunny
2013-11-06 18,NULL,14,1018,10,21.6,Northwest,Sunny
2013-11-06 19,NULL,14,1019,11,39.6,Northwest,Sunny
2013-11-06 20,NULL,13,1020,13,39.6,Northwest,Sunny
2013-11-06 21,0,11,1021,18,28.8,Northwest,Sunny
2013-11-06 22,NULL,10,1022,20,18,Northwest,Sunny
2013-11-06 23,0,10,1022,20,18,Northwest,Sunny
2013-11-07 00,NULL,10,1022,20,21.6,Northwest,Sunny
2013-11-07 01,0,8,1022,25,10.8,West,Sunny
2013-11-07 02,0,9,1022,22,25.2,Northwest,Sunny
2013-11-07 03,0,8,1022,25,21.6,West,Sunny
2013-11-07 04,0,7,1022,27,14.4,West,Sunny
2013-11-07 05,NULL,7,1022,27,14.4,Northwest,Sunny
2013-11-07 06,0,5,1022,36,3.6,NULL,Sunny
2013-11-07 07,0,1,1022,56,3.6,North,Sunny
2013-11-07 08,1,6,1023,39,3.6,NULL,Sunny
2013-11-07 09,1,11,1023,21,3.6,NULL,Sunny
2013-11-07 10,0,11,1023,19,7.2,NULL,Sunny
2013-11-07 11,0,12,1022,14,10.8,West,Sunny
2013-11-07 12,0,14,1021,13,14.4,Southwest,Sunny
2013-11-07 13,0,14,1020,12,18,Southwest,Sunny
2013-11-07 14,1,14,1019,12,18,Southwest,Sunny
2013-11-07 15,NULL,14,1019,13,21.6,Southwest,Sunny
2013-11-07 16,1,14,1018,14,14.4,Southwest,Sunny
2013-11-07 17,1,10,1018,22,10.8,South,Sunny
2013-11-07 18,1,10,1019,26,7.2,South,Sunny
2013-11-07 19,1,6,1019,46,3.6,NULL,Sunny
2013-11-07 20,2,5,1019,49,3.6,Northeast,Sunny
2013-11-07 21,2,5,1020,49,3.6,NULL,NULL
2013-11-07 22,3,4,1020,52,3.6,NULL,NULL
2013-11-07 23,4,4,1020,49,3.6,NULL,NULL
2013-11-08 00,4,2,1020,56,3.6,North,NULL
2013-11-08 01,3,2,1021,65,0,NULL,NULL
2013-11-08 02,3,2,1021,65,3.6,NULL,NULL
2013-11-08 03,3,0,1021,64,7.2,Northwest,NULL
2013-11-08 04,3,1,1021,70,7.2,North,NULL
2013-11-08 05,3,0,1021,75,3.6,North,NULL
2013-11-08 06,3,0,1021,75,0,NULL,NULL
2013-11-08 07,2,0,1021,75,3.6,North,NULL
2013-11-08 08,2,1,1022,75,3.6,Northeast,NULL
2013-11-08 09,2,6,1022,57,7.2,North,Sunny
2013-11-08 10,2,9,1022,40,7.2,Northwest,Sunny
2013-11-08 11,2,10,1021,35,3.6,NULL,Sunny
2013-11-08 12,NULL,12,1020,35,7.2,Southeast,Sunny
2013-11-08 13,NULL,13,1020,33,3.6,NULL,NULL
2013-11-08 14,2,14,1019,29,10.8,Southeast,NULL
2013-11-08 15,2,14,1019,31,3.6,NULL,NULL
2013-11-08 16,3,13,1018,31,3.6,Southeast,NULL
2013-11-08 17,4,11,1019,41,3.6,NULL,NULL
2013-11-08 18,4,7,1019,57,3.6,Southeast,NULL
2013-11-08 19,4,7,1020,57,0,NULL,NULL
2013-11-08 20,4,7,1020,61,0,NULL,NULL
2013-11-08 21,4,8,1020,57,3.6,NULL,NULL
2013-11-08 22,4,8,1021,62,3.6,NULL,NULL
2013-11-08 23,4,7,1021,61,0,NULL,Foggy
2013-11-09 00,4,6,1021,66,3.6,NULL,Foggy
2013-11-09 01,3,6,1021,61,7.2,North,Foggy
2013-11-09 02,4,5,1021,65,7.2,North,Foggy
2013-11-09 03,3,5,1021,70,7.2,Northwest,Foggy
2013-11-09 04,3,6,1022,61,3.6,NULL,Foggy
2013-11-09 05,3,5,1021,70,3.6,NULL,Foggy
2013-11-09 06,3,5,1021,65,3.6,North,Foggy
2013-11-09 07,4,6,1022,66,7.2,Northwest,Foggy
2013-11-09 08,4,7,1022,61,14.4,North,Foggy
2013-11-09 09,4,9,1023,54,14.4,North,Foggy
2013-11-09 10,4,11,1022,44,10.8,North,Foggy
2013-11-09 11,3,12,1023,41,10.8,North,Foggy
2013-11-09 12,3,14,1022,31,14.4,Northwest,Foggy
2013-11-09 13,2,15,1022,25,10.8,Northeast,NULL
2013-11-09 14,1,16,1022,20,18,North,Sunny
2013-11-09 15,0,15,1022,20,10.8,Northeast,Sunny
2013-11-09 16,0,14,1023,23,7.2,North,Sunny
2013-11-09 17,1,12,1024,26,10.8,North,Sunny
2013-11-09 18,0,13,1025,18,21.6,North,Sunny
2013-11-09 19,0,13,1027,15,36,Northwest,Sunny
2013-11-09 20,0,11,1028,18,46.8,Northwest,Sunny
2013-11-09 21,0,10,1030,19,25.2,Northwest,Sunny
2013-11-09 22,0,9,1030,15,46.8,Northwest,Sunny
2013-11-09 23,0,7,1031,11,36,Northwest,Sunny
2013-11-10 00,0,6,1032,7,32.4,Northwest,Sunny
2013-11-10 01,0,3,1033,9,32.4,Northwest,Sunny
2013-11-10 02,0,2,1034,7,36,Northwest,Sunny
2013-11-10 03,0,1,1034,8,39.6,Northwest,Sunny
2013-11-10 04,0,1,1033,8,28.8,Northwest,Sunny
2013-11-10 05,0,0,1033,11,21.6,Northwest,Sunny
2013-11-10 06,0,1,1032,10,28.8,Northwest,Sunny
2013-11-10 07,0,1,1032,10,21.6,Northwest,Sunny
2013-11-10 08,0,2,1033,9,28.8,Northwest,Sunny
2013-11-10 09,0,3,1032,9,25.2,Northwest,Sunny
2013-11-10 10,0,5,1032,6,25.2,Northwest,Sunny
2013-11-10 11,0,7,1030,5,25.2,Northwest,Sunny
2013-11-10 12,0,8,1028,5,28.8,Northwest,Sunny
2013-11-10 13,0,8,1027,5,36,Northwest,Sunny
2013-11-10 14,0,10,1025,6,36,Northwest,Sunny
2013-11-10 15,0,10,1024,6,32.4,Northwest,Sunny
2013-11-10 16,0,10,1024,6,28.8,West,Sunny
2013-11-10 17,0,10,1024,8,21.6,West,Sunny
2013-11-10 18,1,9,1025,10,18,Southwest,Sunny
2013-11-10 19,1,8,1025,11,14.4,Southwest,Sunny
2013-11-10 20,1,8,1026,13,18,West,Sunny
2013-11-10 21,2,3,1027,20,7.2,Northeast,Sunny
2013-11-10 22,2,3,1028,24,10.8,North,Sunny
2013-11-10 23,2,3,1029,26,3.6,NULL,Sunny
2013-11-11 00,1,1,1030,38,7.2,North,Sunny
2013-11-11 01,0,1,1030,35,7.2,North,Sunny
2013-11-11 02,0,2,1031,33,3.6,NULL,Sunny
2013-11-11 03,0,1,1031,38,10.8,North,Sunny
2013-11-11 04,0,1,1031,32,7.2,West,Sunny
2013-11-11 05,0,0,1031,48,7.2,North,Sunny
2013-11-11 06,0,-2,1030,51,7.2,North,Sunny
2013-11-11 07,0,-1,1031,47,7.2,North,Sunny
2013-11-11 08,0,3,1031,41,10.8,North,Sunny
2013-11-11 09,0,8,1031,23,10.8,North,Sunny
2013-11-11 10,0,11,1031,14,14.4,North,Sunny
2013-11-11 11,0,12,1030,12,10.8,Northwest,Sunny
2013-11-11 12,0,12,1028,13,14.4,Northwest,Sunny
2013-11-11 13,0,13,1027,12,14.4,Southwest,Sunny
2013-11-11 14,1,13,1026,12,14.4,Southwest,Sunny
2013-11-11 15,1,13,1025,13,18,Southwest,Sunny
2013-11-11 16,1,12,1025,15,21.6,Southwest,Sunny
2013-11-11 17,1,10,1024,17,18,Southwest,Sunny
2013-11-11 18,1,7,1025,23,7.2,South,Sunny
2013-11-11 19,1,7,1024,27,7.2,Southeast,Sunny
2013-11-11 20,2,4,1025,39,3.6,NULL,Sunny
2013-11-11 21,2,2,1025,48,3.6,East,NULL
2013-11-11 22,2,2,1025,56,3.6,East,NULL
2013-11-11 23,2,2,1025,56,3.6,NULL,NULL
2013-11-12 00,2,1,1025,56,7.2,Northeast,NULL
2013-11-12 01,2,0,1025,60,3.6,NULL,NULL
2013-11-12 02,3,-1,1026,69,3.6,North,NULL
2013-11-12 03,3,0,1025,69,3.6,NULL,NULL
2013-11-12 04,3,-1,1025,69,7.2,North,NULL
2013-11-12 05,3,-1,1025,64,14.4,North,Sunny
2013-11-12 06,2,-1,1025,64,10.8,North,Sunny
2013-11-12 07,2,1,1026,56,10.8,Northwest,Sunny
2013-11-12 08,2,4,1026,49,7.2,Northwest,Sunny
2013-11-12 09,2,8,1026,34,7.2,North,Sunny
2013-11-12 10,1,11,1027,24,7.2,Northeast,Sunny
2013-11-12 11,1,13,1026,21,10.8,Northeast,Sunny
2013-11-12 12,1,15,1025,17,7.2,NULL,Sunny
2013-11-12 13,0,16,1024,16,7.2,Northwest,Sunny
2013-11-12 14,0,15,1023,17,7.2,Northeast,Sunny
2013-11-12 15,0,15,1023,19,10.8,Northeast,Sunny
2013-11-12 16,NULL,14,1023,18,3.6,NULL,Sunny
2013-11-12 17,1,11,1023,24,3.6,NULL,Sunny
2013-11-12 18,1,7,1023,39,3.6,Southeast,Sunny
2013-11-12 19,1,7,1024,43,7.2,South,Sunny
2013-11-12 20,1,8,1024,34,7.2,South,Sunny
2013-11-12 21,2,8,1025,34,7.2,South,Sunny
2013-11-12 22,2,5,1025,45,7.2,Southeast,Sunny
2013-11-12 23,2,4,1025,52,3.6,NULL,Sunny
2013-11-13 00,2,4,1025,52,7.2,East,Sunny
2013-11-13 01,2,4,1025,56,7.2,East,Sunny
2013-11-13 02,2,3,1024,60,3.6,East,Sunny
2013-11-13 03,2,3,1024,65,3.6,NULL,Sunny
2013-11-13 04,2,2,1023,70,3.6,NULL,Sunny
2013-11-13 05,2,3,1023,70,3.6,East,Sunny
2013-11-13 06,3,1,1023,75,3.6,North,NULL
2013-11-13 07,3,2,1023,75,3.6,Northeast,NULL
2013-11-13 08,3,3,1023,70,3.6,Northeast,NULL
2013-11-13 09,3,5,1023,65,3.6,NULL,Foggy
2013-11-13 10,3,6,1023,61,3.6,NULL,Foggy
2013-11-13 11,4,7,1022,53,3.6,Southeast,Foggy
2013-11-13 12,4,8,1021,53,3.6,NULL,Foggy
2013-11-13 13,4,8,1020,50,3.6,NULL,Foggy
2013-11-13 14,4,9,1019,46,3.6,NULL,Foggy
2013-11-13 15,4,9,1019,50,3.6,NULL,Foggy
2013-11-13 16,4,9,1018,50,3.6,East,Foggy
2013-11-13 17,4,7,1018,61,3.6,Northeast,Foggy
2013-11-13 18,4,5,1018,65,7.2,North,Foggy
2013-11-13 19,4,5,1019,70,0,NULL,Foggy
2013-11-13 20,5,4,1019,75,0,NULL,Foggy
2013-11-13 21,4,4,1019,75,3.6,NULL,Foggy
2013-11-13 22,4,4,1019,70,10.8,North,Foggy
2013-11-13 23,4,5,1019,65,7.2,Northwest,Foggy
2013-11-14 00,4,4,1019,65,7.2,Northwest,Foggy
2013-11-14 01,4,2,1019,65,10.8,Northwest,Foggy
2013-11-14 02,4,2,1019,70,10.8,North,Foggy
2013-11-14 03,4,3,1019,65,7.2,Northwest,Foggy
2013-11-14 04,1,2,1019,75,14.4,Northwest,Foggy
2013-11-14 05,1,0,1019,69,7.2,Northwest,Foggy
2013-11-14 06,0,4,1019,52,7.2,West,Foggy
2013-11-14 07,0,4,1019,42,10.8,Northwest,Sunny
2013-11-14 08,0,7,1020,31,7.2,NULL,Sunny
2013-11-14 09,0,10,1020,22,18,Northwest,Sunny
2013-11-14 10,0,11,1020,19,14.4,Northwest,Sunny
2013-11-14 11,0,13,1019,14,21.6,Northwest,Sunny
2013-11-14 12,0,13,1018,13,32.4,Northwest,Sunny
2013-11-14 13,0,14,1018,12,28.8,Northwest,Sunny
2013-11-14 14,0,14,1017,12,28.8,Northwest,Sunny
2013-11-14 15,0,14,1017,11,32.4,Northwest,Sunny
2013-11-14 16,1,14,1017,11,25.2,Northwest,Sunny
2013-11-14 17,1,13,1017,12,14.4,West,Sunny
2013-11-14 18,1,12,1018,18,10.8,Southwest,Sunny
2013-11-14 19,1,11,1018,21,10.8,Southwest,Sunny
2013-11-14 20,2,7,1018,31,3.6,NULL,Sunny
2013-11-14 21,2,9,1019,25,7.2,NULL,Sunny
2013-11-14 22,2,10,1019,24,7.2,Southwest,Sunny
2013-11-14 23,2,9,1019,25,7.2,Northwest,Sunny
2013-11-15 00,2,2,1019,56,7.2,Northeast,Sunny
2013-11-15 01,3,2,1019,56,3.6,South,NULL
2013-11-15 02,3,0,1019,64,3.6,NULL,NULL
2013-11-15 03,3,1,1019,60,3.6,NULL,NULL
2013-11-15 04,4,-1,1019,69,3.6,North,NULL
2013-11-15 05,4,-2,1019,74,7.2,North,NULL
2013-11-15 06,3,-2,1018,74,7.2,North,NULL
2013-11-15 07,3,-1,1019,75,0,NULL,NULL
2013-11-15 08,3,0,1019,69,7.2,Southeast,NULL
2013-11-15 09,3,6,1019,49,3.6,NULL,NULL
2013-11-15 10,3,10,1019,28,7.2,Northwest,Sunny
2013-11-15 11,3,12,1018,18,7.2,Northwest,Sunny
2013-11-15 12,2,14,1017,16,7.2,Northwest,Sunny
2013-11-15 13,2,16,1016,13,7.2,Southwest,Sunny
2013-11-15 14,2,16,1014,13,7.2,Southwest,Sunny
2013-11-15 15,3,16,1015,13,18,Southwest,Sunny
2013-11-15 16,2,15,1015,15,14.4,Southwest,NULL
2013-11-15 17,2,13,1015,17,14.4,Southwest,NULL
2013-11-15 18,2,13,1015,17,10.8,South,NULL
2013-11-15 19,2,12,1015,18,10.8,Southwest,NULL
2013-11-15 20,2,6,1015,36,3.6,NULL,NULL
2013-11-15 21,3,4,1016,45,3.6,Northeast,NULL
2013-11-15 22,3,4,1015,52,7.2,East,NULL
2013-11-15 23,4,3,1015,48,3.6,NULL,NULL
2013-11-16 00,4,4,1015,49,3.6,NULL,NULL
2013-11-16 01,4,3,1014,52,7.2,North,Foggy
2013-11-16 02,4,3,1014,56,7.2,Northwest,Foggy
2013-11-16 03,3,4,1014,52,3.6,NULL,NULL
2013-11-16 04,3,5,1014,45,10.8,Northwest,NULL
2013-11-16 05,3,8,1014,32,10.8,Northwest,NULL
2013-11-16 06,2,10,1015,26,36,Northwest,Sunny
2013-11-16 07,1,10,1016,24,36,Northwest,Sunny
2013-11-16 08,1,10,1017,24,32.4,Northwest,Sunny
2013-11-16 09,0,11,1018,21,36,Northwest,Sunny
2013-11-16 10,0,12,1018,18,43.2,Northwest,Sunny
2013-11-16 11,0,12,1019,16,46.8,Northwest,Sunny
2013-11-16 12,0,13,1018,14,43.2,Northwest,Sunny
2013-11-16 13,0,12,1018,13,50.4,Northwest,Sunny
2013-11-16 14,0,12,1019,12,50.4,Northwest,Sunny
2013-11-16 15,0,11,1020,14,46.8,Northwest,Sunny
2013-11-16 16,0,10,1021,16,43.2,Northwest,Sunny
2013-11-16 17,0,8,1022,18,43.2,Northwest,Sunny
2013-11-16 18,0,8,1023,18,43.2,Northwest,Sunny
2013-11-16 19,0,7,1024,20,43.2,Northwest,Sunny
2013-11-16 20,0,6,1025,21,28.8,Northwest,Sunny
2013-11-16 21,0,6,1025,21,18,Northwest,Sunny
2013-11-16 22,0,6,1025,21,21.6,Northwest,Sunny
2013-11-16 23,0,6,1024,23,18,Northwest,Sunny
2013-11-17 00,0,3,1024,28,7.2,Northwest,Sunny
2013-11-17 01,0,2,1023,35,3.6,NULL,Sunny
2013-11-17 02,0,1,1023,48,0,NULL,Sunny
2013-11-17 03,0,-1,1023,60,0,NULL,Sunny
2013-11-17 04,1,-2,1022,64,0,NULL,Sunny
2013-11-17 05,0,-2,1022,64,3.6,NULL,Sunny
2013-11-17 06,1,1,1023,44,14.4,Northwest,Sunny
2013-11-17 07,1,-1,1024,47,10.8,North,Sunny
2013-11-17 08,1,2,1025,38,7.2,North,Sunny
2013-11-17 09,0,7,1025,20,14.4,West,Sunny
2013-11-17 10,0,9,1025,16,10.8,Northwest,Sunny
2013-11-17 11,0,9,1025,11,28.8,Northwest,Sunny
2013-11-17 12,0,10,1024,11,39.6,Northwest,Sunny
2013-11-17 13,0,9,1023,10,46.8,North,Sunny
2013-11-17 14,0,10,1023,10,36,Northwest,Sunny
2013-11-17 15,0,10,1023,11,32.4,Northwest,Sunny
2013-11-17 16,0,9,1024,12,28.8,Northwest,Sunny
2013-11-17 17,0,8,1025,13,32.4,Northwest,Sunny
2013-11-17 18,0,7,1025,12,39.6,Northwest,Sunny
2013-11-17 19,0,6,1026,14,25.2,Northwest,Sunny
2013-11-17 20,0,5,1027,16,18,North,Sunny
2013-11-17 21,0,4,1027,19,18,North,Sunny
2013-11-17 22,0,4,1027,21,18,North,Sunny
2013-11-17 23,0,4,1027,24,14.4,Northwest,Sunny
2013-11-18 00,0,3,1027,28,18,North,Sunny
2013-11-18 01,0,2,1027,28,7.2,North,Sunny
2013-11-18 02,0,2,1027,30,14.4,Northwest,Sunny
2013-11-18 03,0,2,1026,30,14.4,Northwest,Sunny
2013-11-18 04,0,4,1026,22,28.8,Northwest,Sunny
2013-11-18 05,0,4,1026,21,32.4,Northwest,Sunny
2013-11-18 06,0,3,1027,20,25.2,Northwest,Sunny
2013-11-18 07,0,3,1027,20,28.8,Northwest,Sunny
2013-11-18 08,0,4,1028,17,28.8,Northwest,Sunny
2013-11-18 09,0,5,1028,18,32.4,Northwest,Sunny
2013-11-18 10,0,6,1028,15,28.8,Northwest,Sunny
2013-11-18 11,0,7,1028,14,28.8,Northwest,Sunny
2013-11-18 12,0,8,1027,12,28.8,Northwest,Sunny
2013-11-18 13,0,8,1026,12,28.8,Northwest,Sunny
2013-11-18 14,0,10,1025,11,28.8,Northwest,Sunny
2013-11-18 15,0,9,1025,11,32.4,Northwest,Sunny
2013-11-18 16,0,8,1025,11,28.8,North,Sunny
2013-11-18 17,0,5,1025,15,25.2,North,Sunny
2013-11-18 18,0,4,1026,17,18,North,Sunny
2013-11-18 19,0,5,1026,16,32.4,North,Sunny
2013-11-18 20,0,5,1027,16,18,Northeast,Sunny
2013-11-18 21,0,3,1027,19,21.6,Northeast,Sunny
2013-11-18 22,0,3,1028,20,18,Northeast,Sunny
2013-11-18 23,0,2,1028,22,14.4,Northeast,Sunny
2013-11-19 00,0,1,1028,23,14.4,Northeast,Sunny
2013-11-19 01,0,0,1028,25,7.2,Northeast,Sunny
2013-11-19 02,0,0,1027,32,10.8,North,Sunny
2013-11-19 03,0,1,1027,23,18,Northeast,Sunny
2013-11-19 04,0,0,1026,32,10.8,Northeast,Sunny
2013-11-19 05,0,-1,1027,34,7.2,Northeast,Sunny
2013-11-19 06,0,-1,1026,34,7.2,Northeast,Sunny
2013-11-19 07,0,-1,1027,34,7.2,East,Sunny
2013-11-19 08,0,0,1027,27,14.4,Northeast,Sunny
2013-11-19 09,0,2,1027,24,18,Northeast,Sunny
2013-11-19 10,0,3,1027,20,14.4,Northeast,Sunny
2013-11-19 11,0,5,1026,16,7.2,North,Sunny
2013-11-19 12,0,6,1025,15,7.2,North,Sunny
2013-11-19 13,0,6,1024,14,3.6,NULL,Sunny
2013-11-19 14,0,7,1023,14,7.2,Southwest,Sunny
2013-11-19 15,0,8,1022,12,3.6,NULL,Sunny
2013-11-19 16,0,7,1022,14,3.6,NULL,Sunny
2013-11-19 17,1,5,1022,19,3.6,East,Sunny
2013-11-19 18,1,2,1023,28,3.6,Southeast,Sunny
2013-11-19 19,2,5,1023,19,7.2,South,Sunny
2013-11-19 20,2,5,1023,23,10.8,Southwest,Sunny
2013-11-19 21,2,5,1023,24,7.2,West,Sunny
2013-11-19 22,2,-1,1023,51,7.2,North,Sunny
2013-11-19 23,2,-1,1023,40,3.6,NULL,Sunny
2013-11-20 00,3,-1,1023,51,3.6,Northeast,Sunny
2013-11-20 01,3,-1,1023,47,7.2,Northwest,NULL
2013-11-20 02,4,-3,1023,59,7.2,North,NULL
2013-11-20 03,4,-3,1023,51,7.2,North,NULL
2013-11-20 04,3,-3,1023,59,14.4,Northwest,Sunny
2013-11-20 05,3,-3,1023,55,10.8,Northwest,Sunny
2013-11-20 06,1,-5,1023,59,10.8,North,Sunny
2013-11-20 07,1,-3,1023,55,14.4,North,Sunny
2013-11-20 08,1,1,1024,35,14.4,Northwest,Sunny
2013-11-20 09,1,4,1024,28,14.4,Northwest,Sunny
2013-11-20 10,2,7,1025,23,14.4,Northwest,Sunny
2013-11-20 11,2,9,1024,20,14.4,Northeast,Sunny
2013-11-20 12,1,10,1023,20,7.2,NULL,Sunny
2013-11-20 13,0,11,1023,19,10.8,Northeast,Sunny
2013-11-20 14,0,11,1022,18,7.2,Northeast,Sunny
2013-11-20 15,0,11,1022,18,3.6,NULL,Sunny
2013-11-20 16,0,11,1022,18,3.6,NULL,Sunny
2013-11-20 17,0,9,1022,22,3.6,NULL,Sunny
2013-11-20 18,1,7,1023,27,3.6,NULL,Sunny
2013-11-20 19,1,4,1023,39,3.6,NULL,Sunny
2013-11-20 20,2,8,1024,25,10.8,Southwest,Sunny
2013-11-20 21,2,1,1024,48,3.6,Northeast,Sunny
2013-11-20 22,3,0,1025,55,3.6,Northeast,Sunny
2013-11-20 23,2,1,1025,52,3.6,NULL,Sunny
2013-11-21 00,3,0,1026,51,3.6,North,Sunny
2013-11-21 01,4,-1,1026,60,3.6,North,Sunny
2013-11-21 02,4,-3,1026,69,7.2,North,Sunny
2013-11-21 03,3,-2,1026,69,3.6,North,Sunny
2013-11-21 04,3,-2,1026,64,7.2,Northwest,Sunny
2013-11-21 05,3,-1,1026,60,3.6,North,Sunny
2013-11-21 06,2,-2,1026,64,3.6,Northwest,Sunny
2013-11-21 07,1,-3,1026,74,7.2,North,Sunny
2013-11-21 08,1,-1,1027,64,3.6,NULL,Sunny
2013-11-21 09,2,4,1027,45,10.8,North,Sunny
2013-11-21 10,2,7,1027,31,7.2,North,Sunny
2013-11-21 11,2,10,1027,26,7.2,Northwest,Sunny
2013-11-21 12,1,11,1026,21,3.6,NULL,Sunny
2013-11-21 13,1,11,1025,19,7.2,Northwest,Sunny
2013-11-21 14,1,12,1024,18,7.2,North,Sunny
2013-11-21 15,1,12,1024,18,3.6,NULL,Sunny
2013-11-21 16,1,11,1024,19,7.2,NULL,Sunny
2013-11-21 17,2,8,1025,25,3.6,Southeast,Sunny
2013-11-21 18,3,8,1025,29,10.8,South,Sunny
2013-11-21 19,3,9,1025,27,7.2,Southwest,NULL
2013-11-21 20,4,4,1026,45,3.6,NULL,NULL
2013-11-21 21,4,2,1026,52,3.6,NULL,NULL
2013-11-21 22,4,1,1027,56,3.6,NULL,NULL
2013-11-21 23,4,0,1027,64,3.6,Northeast,Foggy
2013-11-22 00,4,0,1027,60,0,NULL,Foggy
2013-11-22 01,4,-1,1027,64,7.2,North,NULL
2013-11-22 02,5,-1,1027,64,7.2,North,NULL
2013-11-22 03,4,-1,1027,60,7.2,Northwest,NULL
2013-11-22 04,4,-2,1027,64,10.8,North,Sunny
2013-11-22 05,4,-1,1026,60,7.2,Northwest,Sunny
2013-11-22 06,4,-2,1026,64,7.2,Northwest,Sunny
2013-11-22 07,4,-2,1026,64,10.8,North,Sunny
2013-11-22 08,1,0,1026,64,14.4,North,Sunny
2013-11-22 09,1,4,1027,42,10.8,North,Sunny
2013-11-22 10,1,7,1026,29,10.8,Northwest,Sunny
2013-11-22 11,1,10,1025,24,7.2,Northwest,Sunny
2013-11-22 12,1,10,1024,22,7.2,NULL,Sunny
2013-11-22 13,2,11,1023,21,3.6,NULL,Sunny
2013-11-22 14,2,12,1022,19,7.2,NULL,Sunny
2013-11-22 15,3,13,1022,20,7.2,NULL,Sunny
2013-11-22 16,4,11,1021,22,10.8,South,Sunny
2013-11-22 17,4,10,1021,28,14.4,South,Foggy
2013-11-22 18,4,7,1022,34,10.8,South,Foggy
2013-11-22 19,4,8,1022,32,7.2,South,Foggy
2013-11-22 20,5,7,1022,34,7.2,South,Foggy
2013-11-22 21,5,4,1022,52,3.6,NULL,Foggy
2013-11-22 22,5,3,1022,56,3.6,NULL,Foggy
2013-11-22 23,5,1,1022,65,3.6,NULL,Foggy
2013-11-23 00,5,0,1022,64,7.2,Northeast,Foggy
2013-11-23 01,5,0,1022,69,3.6,NULL,Foggy
2013-11-23 02,5,0,1021,75,0,NULL,Foggy
2013-11-23 03,5,-1,1021,75,7.2,North,Foggy
2013-11-23 04,5,-1,1021,69,10.8,North,Foggy
2013-11-23 05,5,-2,1021,69,7.2,North,Foggy
2013-11-23 06,5,-2,1021,69,10.8,North,Foggy
2013-11-23 07,5,-2,1021,69,3.6,Northeast,NULL
2013-11-23 08,4,0,1022,64,3.6,NULL,NULL
2013-11-23 09,4,4,1022,49,10.8,North,NULL
2013-11-23 10,4,6,1021,42,3.6,NULL,NULL
2013-11-23 11,3,9,1020,30,10.8,Northeast,NULL
2013-11-23 12,3,12,1019,24,10.8,Northeast,NULL
2013-11-23 13,2,16,1019,15,14.4,Northwest,NULL
2013-11-23 14,4,16,1018,15,14.4,North,Sunny
2013-11-23 15,4,16,1018,15,10.8,Northwest,Sunny
2013-11-23 16,4,15,1018,15,14.4,Northwest,Sunny
2013-11-23 17,4,13,1019,25,14.4,Southwest,Foggy
2013-11-23 18,5,12,1019,26,10.8,West,Foggy
2013-11-23 19,5,8,1019,37,3.6,NULL,Foggy
2013-11-23 20,4,7,1019,39,3.6,NULL,Foggy
2013-11-23 21,5,6,1019,46,3.6,NULL,Foggy
2013-11-23 22,5,4,1020,56,3.6,NULL,Foggy
2013-11-23 23,5,4,1020,56,0,NULL,Foggy
2013-11-24 00,4,3,1020,60,3.6,Northeast,Foggy
2013-11-24 01,5,3,1019,60,3.6,NULL,Foggy
2013-11-24 02,5,3,1019,60,3.6,NULL,Foggy
2013-11-24 03,5,3,1018,56,7.2,Northwest,Foggy
2013-11-24 04,5,5,1018,42,3.6,NULL,NULL
2013-11-24 05,4,3,1018,52,7.2,North,Sunny
2013-11-24 06,3,4,1017,49,7.2,North,Sunny
2013-11-24 07,1,4,1017,52,14.4,North,Sunny
2013-11-24 08,1,6,1017,39,14.4,North,Sunny
2013-11-24 09,1,7,1017,34,14.4,North,Sunny
2013-11-24 10,0,9,1017,25,10.8,Northwest,Sunny
2013-11-24 11,1,9,1016,25,10.8,North,Sunny
2013-11-24 12,1,10,1015,17,18,Northwest,Sunny
2013-11-24 13,1,10,1014,16,21.6,Northwest,Sunny
2013-11-24 14,1,11,1013,15,18,Northwest,Sunny
2013-11-24 15,1,10,1012,15,21.6,Northwest,Sunny
2013-11-24 16,1,10,1012,15,18,Northwest,Sunny
2013-11-24 17,1,7,1012,21,3.6,NULL,Sunny
2013-11-24 18,1,4,1012,36,3.6,NULL,Sunny
2013-11-24 19,1,3,1013,38,7.2,North,Sunny
2013-11-24 20,1,8,1013,20,14.4,Northwest,Sunny
2013-11-24 21,1,8,1013,20,32.4,Northwest,Sunny
2013-11-24 22,0,7,1014,21,39.6,Northwest,Sunny
2013-11-24 23,0,6,1014,25,32.4,Northwest,Sunny
2013-11-25 00,0,6,1015,25,39.6,Northwest,Sunny
2013-11-25 01,0,5,1015,26,25.2,Northwest,Sunny
2013-11-25 02,0,5,1015,24,28.8,Northwest,Sunny
2013-11-25 03,0,4,1015,28,21.6,Northwest,Sunny
2013-11-25 04,0,4,1016,28,21.6,Northwest,Sunny
2013-11-25 05,0,4,1016,26,28.8,Northwest,Sunny
2013-11-25 06,0,3,1017,24,25.2,Northwest,Sunny
2013-11-25 07,0,3,1018,24,28.8,Northwest,Sunny
2013-11-25 08,0,3,1019,22,21.6,Northwest,Sunny
2013-11-25 09,0,4,1020,17,32.4,Northwest,Sunny
2013-11-25 10,0,6,1020,13,32.4,Northwest,Sunny
2013-11-25 11,0,7,1020,15,25.2,Northwest,Sunny
2013-11-25 12,0,6,1018,18,18,Northwest,Sunny
2013-11-25 13,0,7,1018,17,21.6,Northwest,Sunny
2013-11-25 14,0,7,1017,14,28.8,Northwest,Sunny
2013-11-25 15,0,7,1017,13,28.8,Northwest,Sunny
2013-11-25 16,0,7,1017,12,32.4,Northwest,Sunny
2013-11-25 17,0,6,1017,13,25.2,Northwest,Sunny
2013-11-25 18,0,6,1018,13,18,Northwest,Sunny
2013-11-25 19,0,6,1018,13,10.8,West,Sunny
2013-11-25 20,0,2,1018,24,3.6,NULL,Sunny
2013-11-25 21,0,1,1018,28,0,NULL,Sunny
2013-11-25 22,1,0,1017,30,3.6,NULL,Sunny
2013-11-25 23,2,-1,1017,44,3.6,NULL,NULL
2013-11-26 00,2,-3,1017,59,3.6,NULL,NULL
2013-11-26 01,2,-3,1017,47,3.6,NULL,NULL
2013-11-26 02,2,-3,1017,47,3.6,NULL,NULL
2013-11-26 03,2,-4,1017,46,7.2,Northwest,NULL
2013-11-26 04,1,-3,1017,43,3.6,NULL,NULL
2013-11-26 05,0,-5,1017,54,3.6,West,NULL
2013-11-26 06,0,-5,1017,63,3.6,Northeast,Sunny
2013-11-26 07,0,-4,1018,59,3.6,NULL,Sunny
2013-11-26 08,0,-3,1019,47,10.8,North,Sunny
2013-11-26 09,0,3,1019,22,10.8,North,Sunny
2013-11-26 10,0,4,1019,16,10.8,Northeast,Sunny
2013-11-26 11,0,6,1019,13,10.8,Northwest,Sunny
2013-11-26 12,0,8,1018,12,14.4,Northwest,Sunny
2013-11-26 13,0,7,1017,11,21.6,Northwest,Sunny
2013-11-26 14,0,7,1017,11,32.4,Northwest,Sunny
2013-11-26 15,0,6,1017,8,36,West,Sunny
2013-11-26 16,0,6,1017,8,36,Northwest,Sunny
2013-11-26 17,0,5,1018,8,28.8,Northwest,Sunny
2013-11-26 18,0,4,1019,7,28.8,Northwest,Sunny
2013-11-26 19,0,2,1021,8,28.8,Northwest,Sunny
2013-11-26 20,0,1,1022,10,32.4,Northwest,Sunny
2013-11-26 21,0,0,1024,14,39.6,North,Sunny
2013-11-26 22,0,-2,1025,18,28.8,North,Sunny
2013-11-26 23,0,-2,1025,18,36,Northwest,Sunny
2013-11-27 00,0,-2,1025,16,36,North,Sunny
2013-11-27 01,0,-3,1025,17,28.8,Northwest,Sunny
2013-11-27 02,0,-3,1025,19,28.8,Northwest,Sunny
2013-11-27 03,0,-4,1025,26,21.6,North,Sunny
2013-11-27 04,0,-3,1025,21,32.4,North,Sunny
2013-11-27 05,0,-4,1025,17,39.6,North,Sunny
2013-11-27 06,0,-4,1026,17,36,Northwest,Sunny
2013-11-27 07,0,-4,1027,17,43.2,Northwest,Sunny
2013-11-27 08,0,-4,1027,16,43.2,Northwest,Sunny
2013-11-27 09,0,-3,1028,16,36,Northwest,Sunny
2013-11-27 10,0,-2,1028,12,43.2,Northwest,Sunny
2013-11-27 11,0,-1,1028,10,43.2,Northwest,Sunny
2013-11-27 12,0,0,1028,11,36,Northwest,Sunny
2013-11-27 13,0,-1,1027,11,28.8,Northwest,Sunny
2013-11-27 14,0,0,1027,11,36,West,Sunny
2013-11-27 15,0,0,1027,11,32.4,Northwest,Sunny
2013-11-27 16,0,-1,1027,10,28.8,Northwest,Sunny
2013-11-27 17,0,-1,1027,10,28.8,Northwest,Sunny
2013-11-27 18,0,-1,1028,10,25.2,Northwest,Sunny
2013-11-27 19,0,-2,1028,11,25.2,Northwest,Sunny
2013-11-27 20,0,-2,1028,10,25.2,Northwest,Sunny
2013-11-27 21,0,-3,1028,12,25.2,Northwest,Sunny
2013-11-27 22,0,-3,1029,12,25.2,North,Sunny
2013-11-27 23,0,-3,1029,11,32.4,Northwest,Sunny
2013-11-28 00,0,-3,1029,11,39.6,Northwest,Sunny
2013-11-28 01,0,-3,1029,12,25.2,Northwest,Sunny
2013-11-28 02,0,-4,1028,14,14.4,Northwest,Sunny
2013-11-28 03,0,-4,1028,14,18,Northwest,Sunny
2013-11-28 04,0,-4,1028,14,18,Northwest,Sunny
2013-11-28 05,0,-3,1027,14,25.2,Northwest,Sunny
2013-11-28 06,0,-3,1028,14,25.2,Northwest,Sunny
2013-11-28 07,0,-3,1028,16,25.2,Northwest,Sunny
2013-11-28 08,0,-2,1029,15,21.6,Northwest,Sunny
2013-11-28 09,0,0,1028,12,28.8,Northwest,Sunny
2013-11-28 10,0,1,1028,8,28.8,Northwest,Sunny
2013-11-28 11,0,3,1027,6,32.4,Northwest,Sunny
2013-11-28 12,0,4,1026,5,36,Northwest,Sunny
2013-11-28 13,0,4,1025,6,32.4,Northwest,Sunny
2013-11-28 14,0,6,1024,6,28.8,Northwest,Sunny
2013-11-28 15,0,5,1024,8,36,Northwest,Sunny
2013-11-28 16,0,6,1024,7,28.8,Northwest,Sunny
2013-11-28 17,0,6,1024,10,18,Northwest,Sunny
2013-11-28 18,0,5,1024,14,18,Northwest,Sunny
2013-11-28 19,1,6,1024,15,10.8,West,Sunny
2013-11-28 20,2,6,1024,15,18,Northwest,Sunny
2013-11-28 21,2,5,1024,18,10.8,West,Sunny
2013-11-28 22,2,6,1024,16,21.6,Northwest,Sunny
2013-11-28 23,2,6,1024,16,21.6,Northwest,Sunny
2013-11-29 00,2,4,1024,19,18,Northwest,Sunny
2013-11-29 01,3,-1,1023,32,18,North,Sunny
2013-11-29 02,3,-2,1023,40,3.6,NULL,Sunny
2013-11-29 03,3,-3,1023,37,10.8,North,Sunny
2013-11-29 04,3,-4,1023,40,10.8,North,Sunny
2013-11-29 05,3,-3,1023,40,7.2,North,Sunny
2013-11-29 06,3,-3,1022,43,7.2,North,Sunny
2013-11-29 07,3,-4,1022,46,14.4,North,Sunny
2013-11-29 08,2,-1,1023,44,3.6,NULL,Sunny
2013-11-29 09,3,5,1023,24,3.6,NULL,Sunny
2013-11-29 10,3,8,1022,14,10.8,Northwest,Sunny
2013-11-29 11,2,10,1021,13,10.8,West,Sunny
2013-11-29 12,1,10,1020,14,10.8,West,Sunny
2013-11-29 13,1,12,1018,12,14.4,West,Sunny
2013-11-29 14,0,13,1018,11,18,Southwest,Sunny
2013-11-29 15,1,12,1017,11,14.4,Southwest,Sunny
2013-11-29 16,1,11,1016,12,14.4,Southwest,Sunny
2013-11-29 17,1,10,1017,13,10.8,Southwest,Sunny
2013-11-29 18,2,10,1017,14,18,Southwest,Sunny
2013-11-29 19,3,9,1017,17,18,Southwest,Sunny
2013-11-29 20,3,8,1017,20,14.4,Southwest,Sunny
2013-11-29 21,3,8,1017,20,14.4,Southwest,Sunny
2013-11-29 22,3,7,1017,21,7.2,Northwest,NULL
2013-11-29 23,3,2,1017,35,3.6,NULL,NULL
2013-11-30 00,3,0,1017,41,3.6,NULL,NULL
2013-11-30 01,3,1,1017,35,3.6,NULL,NULL
2013-11-30 02,3,2,1018,33,18,Northwest,NULL
2013-11-30 03,3,-1,1019,51,14.4,Northwest,Sunny
2013-11-30 04,2,-1,1019,51,14.4,North,Sunny
2013-11-30 05,0,0,1020,44,18,North,Sunny
2013-11-30 06,0,0,1021,41,14.4,Northwest,Sunny
2013-11-30 07,0,-1,1022,44,10.8,North,Sunny
2013-11-30 08,0,3,1023,28,21.6,Northwest,Sunny
2013-11-30 09,0,6,1024,21,10.8,Northeast,Sunny
2013-11-30 10,0,8,1024,14,14.4,North,Sunny
2013-11-30 11,0,10,1025,14,21.6,North,Sunny
2013-11-30 12,0,10,1024,14,10.8,North,Sunny
2013-11-30 13,0,11,1024,13,14.4,North,Sunny
2013-11-30 14,0,10,1023,13,10.8,Northeast,Sunny
2013-11-30 15,0,10,1023,12,7.2,Northeast,Sunny
2013-11-30 16,0,9,1024,11,7.2,East,Sunny
2013-11-30 17,0,6,1024,14,3.6,North,Sunny
2013-11-30 18,0,4,1025,17,3.6,NULL,Sunny
2013-11-30 19,0,1,1025,25,7.2,North,Sunny
2013-11-30 20,0,3,1026,20,3.6,NULL,Sunny
2013-11-30 21,0,1,1026,25,3.6,NULL,Sunny
2013-11-30 22,1,0,1026,38,3.6,Northeast,Sunny
2013-11-30 23,1,4,1026,19,3.6,NULL,Sunny
2013-12-01 00,1,-2,1026,43,3.6,Northeast,Sunny
2013-12-01 01,1,-3,1025,43,10.8,North,Sunny
2013-12-01 02,3,-3,1025,47,3.6,Northeast,Sunny
2013-12-01 03,3,-4,1025,50,3.6,NULL,Sunny
2013-12-01 04,3,-3,1025,47,3.6,NULL,Sunny
2013-12-01 05,3,-4,1025,46,3.6,NULL,Sunny
2013-12-01 06,4,-6,1025,58,3.6,Northwest,Sunny
2013-12-01 07,4,-3,1025,43,3.6,NULL,Sunny
2013-12-01 08,4,-2,1025,43,10.8,North,Sunny
2013-12-01 09,4,1,1026,32,3.6,NULL,Sunny
2013-12-01 10,4,5,1026,23,3.6,NULL,Sunny
2013-12-01 11,2,9,1025,16,3.6,NULL,Sunny
2013-12-01 12,1,9,1023,16,7.2,Northwest,Sunny
2013-12-01 13,1,10,1022,14,10.8,West,Sunny
2013-12-01 14,1,11,1021,13,10.8,Southwest,Sunny
2013-12-01 15,1,12,1021,11,10.8,West,Sunny
2013-12-01 16,2,11,1020,13,10.8,Southwest,Sunny
2013-12-01 17,2,9,1020,17,10.8,Southwest,Sunny
2013-12-01 18,1,8,1021,20,10.8,Southwest,Sunny
2013-12-01 19,2,8,1021,22,14.4,Southwest,Sunny
2013-12-01 20,3,4,1021,31,7.2,South,Sunny
2013-12-01 21,3,1,1021,41,3.6,NULL,NULL
2013-12-01 22,3,2,1021,41,7.2,Northwest,NULL
2013-12-01 23,3,-2,1021,55,3.6,Northeast,NULL
2013-12-02 00,4,-3,1021,59,3.6,Northeast,Foggy
2013-12-02 01,4,-3,1020,59,7.2,North,NULL
2013-12-02 02,4,-3,1020,64,7.2,North,NULL
2013-12-02 03,4,-4,1020,59,10.8,Northwest,NULL
2013-12-02 04,4,-2,1019,47,7.2,North,NULL
2013-12-02 05,2,-5,1019,63,10.8,North,Sunny
2013-12-02 06,1,-4,1019,59,3.6,NULL,Sunny
2013-12-02 07,1,-4,1019,54,10.8,North,Sunny
2013-12-02 08,1,0,1019,44,10.8,Northwest,Sunny
2013-12-02 09,2,2,1020,35,10.8,North,Sunny
2013-12-02 10,2,5,1019,26,7.2,Northwest,Sunny
2013-12-02 11,1,7,1019,20,7.2,NULL,Sunny
2013-12-02 12,1,10,1018,15,7.2,North,Sunny
2013-12-02 13,2,10,1018,16,3.6,NULL,Sunny
2013-12-02 14,2,12,1017,14,3.6,NULL,Sunny
2013-12-02 15,2,11,1017,15,3.6,NULL,Sunny
2013-12-02 16,2,11,1017,14,7.2,Southwest,Sunny
2013-12-02 17,3,6,1017,25,3.6,NULL,Sunny
2013-12-02 18,3,4,1018,33,0,NULL,NULL
2013-12-02 19,4,1,1018,41,3.6,Northeast,NULL
2013-12-02 20,4,1,1019,38,3.6,Southeast,NULL
2013-12-02 21,4,-1,1020,47,7.2,North,NULL
2013-12-02 22,4,1,1020,38,3.6,NULL,NULL
2013-12-02 23,4,1,1020,41,3.6,NULL,NULL
2013-12-03 00,5,2,1021,38,14.4,Northwest,NULL
2013-12-03 01,5,-1,1020,47,10.8,North,NULL
2013-12-03 02,5,-3,1021,55,14.4,North,Sunny
2013-12-03 03,3,-3,1021,55,10.8,North,Sunny
2013-12-03 04,2,-3,1021,55,10.8,North,Sunny
2013-12-03 05,2,-2,1021,51,10.8,North,Sunny
2013-12-03 06,1,-3,1021,55,10.8,North,Sunny
2013-12-03 07,1,-2,1022,51,0,NULL,Sunny
2013-12-03 08,1,0,1023,41,7.2,Northeast,Sunny
2013-12-03 09,1,7,1024,29,10.8,North,Sunny
2013-12-03 10,1,10,1024,17,10.8,Northeast,Sunny
2013-12-03 11,1,11,1024,16,7.2,North,Sunny
2013-12-03 12,0,13,1023,13,10.8,Northwest,Sunny
2013-12-03 13,0,14,1022,13,10.8,Northwest,Sunny
2013-12-03 14,1,14,1021,13,7.2,Northwest,Sunny
2013-12-03 15,0,15,1021,13,14.4,Northwest,Sunny
2013-12-03 16,0,14,1021,12,14.4,Northwest,Sunny
2013-12-03 17,0,13,1021,12,14.4,Northwest,Sunny
2013-12-03 18,1,12,1021,13,10.8,West,Sunny
2013-12-03 19,2,11,1021,15,10.8,West,Sunny
2013-12-03 20,3,11,1021,15,7.2,NULL,Sunny
2013-12-03 21,4,10,1021,17,7.2,Northwest,Sunny
2013-12-03 22,4,10,1021,22,10.8,Southwest,NULL
2013-12-03 23,4,6,1021,27,7.2,NULL,NULL
2013-12-04 00,4,3,1021,38,3.6,NULL,Foggy
2013-12-04 01,4,-1,1021,55,7.2,North,Foggy
2013-12-04 02,4,-1,1021,51,10.8,North,Foggy
2013-12-04 03,4,-1,1021,51,0,NULL,NULL
2013-12-04 04,4,-3,1020,64,0,NULL,NULL
2013-12-04 05,4,-2,1020,64,3.6,NULL,NULL
2013-12-04 06,4,-2,1020,64,3.6,NULL,Sunny
2013-12-04 07,4,-3,1020,64,7.2,Northwest,Sunny
2013-12-04 08,3,-1,1021,60,10.8,North,Sunny
2013-12-04 09,3,3,1021,41,3.6,NULL,Sunny
2013-12-04 10,3,8,1021,25,14.4,North,Sunny
2013-12-04 11,2,11,1020,19,10.8,Northeast,Sunny
2013-12-04 12,1,11,1019,18,10.8,Northeast,Sunny
2013-12-04 13,2,12,1018,16,7.2,Northeast,Sunny
2013-12-04 14,2,14,1018,14,10.8,Northeast,Sunny
2013-12-04 15,2,14,1018,14,7.2,Northeast,Sunny
2013-12-04 16,3,12,1018,18,10.8,Northeast,Sunny
2013-12-04 17,3,9,1018,22,3.6,NULL,Sunny
2013-12-04 18,4,5,1018,31,3.6,NULL,Sunny
2013-12-04 19,4,5,1019,31,3.6,Northeast,NULL
2013-12-04 20,4,5,1019,36,0,NULL,NULL
2013-12-04 21,4,3,1020,41,3.6,NULL,NULL
2013-12-04 22,4,4,1020,39,7.2,Northwest,NULL
2013-12-04 23,4,4,1020,39,7.2,North,NULL
2013-12-05 00,2,4,1021,39,3.6,NULL,NULL
2013-12-05 01,2,3,1021,45,3.6,NULL,NULL
2013-12-05 02,2,2,1022,48,7.2,North,NULL
2013-12-05 03,4,2,1022,48,7.2,Northeast,Sunny
2013-12-05 04,3,6,1022,27,21.6,Northeast,Sunny
2013-12-05 05,2,3,1023,30,7.2,North,Sunny
2013-12-05 06,1,2,1024,38,10.8,North,Sunny
2013-12-05 07,0,4,1025,33,18,Northeast,Sunny
2013-12-05 08,0,4,1026,31,14.4,North,Sunny
2013-12-05 09,0,6,1027,23,10.8,North,Sunny
2013-12-05 10,0,8,1027,16,10.8,North,Sunny
2013-12-05 11,0,9,1027,13,14.4,Northeast,Sunny
2013-12-05 12,0,9,1026,15,10.8,North,Sunny
2013-12-05 13,0,9,1025,15,10.8,Northeast,Sunny
2013-12-05 14,0,10,1024,14,10.8,Northeast,Sunny
2013-12-05 15,0,10,1023,14,3.6,NULL,Sunny
2013-12-05 16,0,8,1023,14,7.2,East,Sunny
2013-12-05 17,0,6,1023,19,3.6,Southeast,Sunny
2013-12-05 18,0,3,1023,26,3.6,NULL,Sunny
2013-12-05 19,0,3,1023,26,7.2,Southeast,Sunny
2013-12-05 20,1,4,1023,22,7.2,Southeast,Sunny
2013-12-05 21,1,3,1022,26,7.2,South,Sunny
2013-12-05 22,1,0,1022,35,7.2,Southeast,Sunny
2013-12-05 23,2,-1,1022,47,3.6,NULL,Sunny
2013-12-06 00,2,-2,1022,47,3.6,NULL,NULL
2013-12-06 01,2,-2,1021,51,3.6,NULL,NULL
2013-12-06 02,3,-4,1021,59,7.2,North,NULL
2013-12-06 03,3,-3,1021,55,3.6,NULL,NULL
2013-12-06 04,4,-4,1021,54,3.6,North,NULL
2013-12-06 05,4,-5,1020,63,3.6,Northeast,NULL
2013-12-06 06,4,-4,1020,59,7.2,North,NULL
2013-12-06 07,4,-5,1020,63,3.6,NULL,NULL
2013-12-06 08,4,-5,1021,63,7.2,North,NULL
2013-12-06 09,4,0,1021,51,3.6,NULL,NULL
2013-12-06 10,4,3,1021,36,3.6,NULL,NULL
2013-12-06 11,NULL,5,1020,31,3.6,NULL,NULL
2013-12-06 12,4,7,1019,25,7.2,Northwest,NULL
2013-12-06 13,4,9,1018,22,3.6,NULL,NULL
2013-12-06 14,4,10,1017,20,3.6,NULL,Sunny
2013-12-06 15,NULL,10,1017,20,3.6,NULL,Sunny
2013-12-06 16,5,9,1017,27,7.2,South,Foggy
2013-12-06 17,3,8,1018,32,14.4,South,Foggy
2013-12-06 18,3,5,1018,45,3.6,NULL,Foggy
2013-12-06 19,3,3,1019,52,3.6,NULL,Foggy
2013-12-06 20,4,-1,1019,64,7.2,Northeast,Foggy
2013-12-06 21,4,1,1019,65,0,NULL,Foggy
2013-12-06 22,4,-1,1020,75,3.6,Northeast,Foggy
2013-12-06 23,5,-2,1020,74,3.6,East,Foggy
2013-12-07 00,5,-2,1020,74,3.6,East,Foggy
2013-12-07 01,5,-3,1019,74,3.6,North,Foggy
2013-12-07 02,5,-3,1020,80,0,NULL,Foggy
2013-12-07 03,5,-3,1020,74,0,NULL,Foggy
2013-12-07 04,5,-4,1020,80,7.2,North,Foggy
2013-12-07 05,5,-4,1020,74,7.2,North,NULL
2013-12-07 06,5,-4,1020,74,3.6,NULL,NULL
2013-12-07 07,5,-4,1020,74,3.6,NULL,NULL
2013-12-07 08,5,-4,1021,74,7.2,North,NULL
2013-12-07 09,4,-1,1021,64,7.2,North,NULL
2013-12-07 10,3,2,1022,52,3.6,NULL,Foggy
2013-12-07 11,4,4,1021,45,3.6,NULL,Foggy
2013-12-07 12,5,5,1020,49,7.2,Southeast,Foggy
2013-12-07 13,NULL,5,1020,53,10.8,Southeast,Foggy
2013-12-07 14,5,6,1019,49,7.2,Southeast,Foggy
2013-12-07 15,NULL,6,1018,53,7.2,Southeast,Foggy
2013-12-07 16,NULL,5,1019,57,3.6,NULL,Foggy
2013-12-07 17,5,2,1019,65,3.6,NULL,Foggy
2013-12-07 18,5,0,1019,75,3.6,Northeast,Foggy
2013-12-07 19,NULL,0,1019,75,3.6,Northeast,Foggy
2013-12-07 20,NULL,0,1020,80,0,NULL,Foggy
2013-12-07 21,NULL,1,1020,81,0,NULL,Foggy
2013-12-07 22,NULL,-1,1020,80,3.6,NULL,Foggy
2013-12-07 23,5,1,1020,75,3.6,NULL,Foggy
2013-12-08 00,NULL,2,1020,75,3.6,NULL,Foggy
2013-12-08 01,NULL,3,1020,75,7.2,Southeast,Foggy
2013-12-08 02,NULL,3,1020,75,3.6,Southeast,Foggy
2013-12-08 03,5,3,1020,75,0,NULL,Foggy
2013-12-08 04,NULL,3,1020,75,7.2,Northwest,Foggy
2013-12-08 05,NULL,3,1020,75,0,NULL,Foggy
2013-12-08 06,NULL,4,1020,70,7.2,Northwest,Foggy
2013-12-08 07,NULL,2,1020,75,10.8,North,Foggy
2013-12-08 08,NULL,2,1020,75,3.6,NULL,Foggy
2013-12-08 09,5,3,1021,70,7.2,North,Foggy
2013-12-08 10,NULL,5,1021,61,7.2,Northeast,Foggy
2013-12-08 11,NULL,6,1020,53,7.2,Northeast,Foggy
2013-12-08 12,NULL,7,1019,49,7.2,Northeast,Foggy
2013-12-08 13,NULL,9,1019,34,14.4,Northeast,Foggy
2013-12-08 14,4,11,1018,24,18,North,NULL
2013-12-08 15,NULL,10,1018,22,18,Northwest,Sunny
2013-12-08 16,NULL,10,1019,15,28.8,Northwest,Sunny
2013-12-08 17,0,8,1020,18,32.4,Northwest,Sunny
2013-12-08 18,NULL,7,1021,20,36,Northwest,Sunny
2013-12-08 19,0,6,1022,19,39.6,Northwest,Sunny
2013-12-08 20,NULL,5,1023,21,46.8,Northwest,Sunny
2013-12-08 21,NULL,4,1024,22,39.6,Northwest,Sunny
2013-12-08 22,0,3,1024,24,32.4,Northwest,Sunny
2013-12-08 23,NULL,3,1024,24,25.2,Northwest,Sunny
2013-12-09 00,0,2,1025,26,25.2,Northwest,Sunny
2013-12-09 01,0,2,1025,26,25.2,Northwest,Sunny
2013-12-09 02,0,1,1025,28,21.6,Northwest,Sunny
2013-12-09 03,0,-1,1025,37,18,North,Sunny
2013-12-09 04,0,2,1025,26,28.8,Northwest,Sunny
2013-12-09 05,NULL,2,1025,24,36,Northwest,Sunny
2013-12-09 06,0,1,1025,25,32.4,Northwest,Sunny
2013-12-09 07,0,0,1026,27,25.2,North,Sunny
2013-12-09 08,NULL,1,1026,25,25.2,North,Sunny
2013-12-09 09,0,3,1026,22,32.4,Northwest,Sunny
2013-12-09 10,NULL,4,1026,19,32.4,Northwest,Sunny
2013-12-09 11,NULL,5,1025,18,36,Northwest,Sunny
2013-12-09 12,NULL,6,1024,14,28.8,Northwest,Sunny
2013-12-09 13,0,7,1023,14,28.8,Northwest,Sunny
2013-12-09 14,NULL,6,1022,15,25.2,Northwest,Sunny
2013-12-09 15,NULL,6,1022,15,28.8,Northwest,Sunny
2013-12-09 16,NULL,6,1022,15,25.2,Northwest,Sunny
2013-12-09 17,0,5,1022,16,18,Northwest,Sunny
2013-12-09 18,NULL,2,1022,22,7.2,Northeast,Sunny
2013-12-09 19,0,0,1023,35,3.6,Northeast,Sunny
2013-12-09 20,NULL,-2,1023,47,3.6,NULL,Sunny
2013-12-09 21,NULL,-3,1022,43,3.6,NULL,Sunny
2013-12-09 22,NULL,-2,1022,40,3.6,NULL,Sunny
2013-12-09 23,NULL,-3,1022,43,7.2,North,Sunny
2013-12-10 00,1,-3,1022,43,3.6,North,Sunny
2013-12-10 01,NULL,-5,1021,54,3.6,NULL,Sunny
2013-12-10 02,1,-6,1021,58,7.2,Northeast,Sunny
2013-12-10 03,3,-6,1021,54,10.8,North,Sunny
2013-12-10 04,NULL,-4,1020,54,7.2,North,Sunny
2013-12-10 05,NULL,-5,1019,54,7.2,North,Sunny
2013-12-10 06,3,-4,1019,54,3.6,North,Sunny
2013-12-10 07,NULL,-4,1019,54,7.2,North,Sunny
2013-12-10 08,NULL,-3,1019,51,0,NULL,Sunny
2013-12-10 09,0,-2,1019,51,7.2,Northeast,Sunny
2013-12-10 10,NULL,0,1019,41,3.6,NULL,Sunny
2013-12-10 11,NULL,1,1018,32,3.6,NULL,Sunny
2013-12-10 12,0,5,1017,18,28.8,Northwest,Sunny
2013-12-10 13,NULL,6,1016,15,43.2,Northwest,Sunny
2013-12-10 14,NULL,6,1017,15,39.6,Northwest,Sunny
2013-12-10 15,NULL,6,1017,12,43.2,Northwest,Sunny
2013-12-10 16,NULL,5,1018,13,46.8,Northwest,Sunny
2013-12-10 17,NULL,4,1019,14,46.8,Northwest,Sunny
2013-12-10 18,NULL,3,1021,15,46.8,Northwest,Sunny
2013-12-10 19,NULL,2,1022,17,39.6,Northwest,Sunny
2013-12-10 20,0,2,1022,18,32.4,Northwest,Sunny
2013-12-10 21,0,1,1022,18,36,Northwest,Sunny
2013-12-10 22,NULL,1,1022,20,32.4,Northwest,Sunny
2013-12-10 23,NULL,1,1023,18,39.6,Northwest,Sunny
2013-12-11 00,NULL,0,1023,21,36,Northwest,Sunny
2013-12-11 01,0,0,1023,23,25.2,Northwest,Sunny
2013-12-11 02,0,-1,1023,23,25.2,Northwest,Sunny
2013-12-11 03,0,-2,1023,25,18,Northwest,Sunny
2013-12-11 04,0,-2,1022,25,10.8,Northwest,Sunny
2013-12-11 05,0,-4,1022,34,7.2,Southeast,Sunny
2013-12-11 06,0,-5,1022,39,7.2,South,Sunny
2013-12-11 07,0,-5,1022,39,7.2,Southeast,Sunny
2013-12-11 08,0,-5,1022,46,7.2,East,Sunny
2013-12-11 09,0,1,1021,23,7.2,South,Sunny
2013-12-11 10,1,2,1021,18,18,Southwest,Sunny
2013-12-11 11,1,4,1020,15,21.6,Southwest,Sunny
2013-12-11 12,1,5,1019,13,18,Southwest,Sunny
2013-12-11 13,1,6,1017,13,36,Northwest,Sunny
2013-12-11 14,1,7,1016,11,28.8,Northwest,Sunny
2013-12-11 15,1,7,1016,11,25.2,Northwest,Sunny
2013-12-11 16,1,7,1016,12,28.8,Northwest,Sunny
2013-12-11 17,1,6,1016,13,18,Northwest,Sunny
2013-12-11 18,0,3,1017,19,3.6,NULL,Sunny
2013-12-11 19,NULL,3,1017,20,3.6,East,Sunny
2013-12-11 20,1,3,1017,17,7.2,Northeast,Sunny
2013-12-11 21,NULL,2,1017,20,7.2,Northeast,Sunny
2013-12-11 22,NULL,1,1017,22,3.6,NULL,Sunny
2013-12-11 23,NULL,-1,1017,29,7.2,North,Sunny
2013-12-12 00,2,-3,1017,31,7.2,Northwest,Sunny
2013-12-12 01,NULL,-3,1016,37,3.6,NULL,Sunny
2013-12-12 02,NULL,-4,1016,43,0,NULL,Sunny
2013-12-12 03,NULL,-6,1016,50,7.2,North,Sunny
2013-12-12 04,NULL,-7,1017,54,10.8,North,Sunny
2013-12-12 05,NULL,-7,1018,54,10.8,North,Sunny
2013-12-12 06,NULL,-3,1019,43,3.6,NULL,Sunny
2013-12-12 07,NULL,-1,1020,25,32.4,North,Sunny
2013-12-12 08,NULL,-1,1021,16,39.6,Northwest,Sunny
2013-12-12 09,NULL,0,1022,13,39.6,North,Sunny
2013-12-12 10,NULL,0,1023,10,46.8,Northwest,Sunny
2013-12-12 11,NULL,0,1024,11,36,Northwest,Sunny
2013-12-12 12,NULL,1,1023,10,36,Northwest,Sunny
2013-12-12 13,NULL,1,1023,7,43.2,Northwest,Sunny
2013-12-12 14,NULL,1,1023,6,43.2,Northwest,Sunny
2013-12-12 15,0,0,1023,7,32.4,Northwest,Sunny
2013-12-12 16,0,-1,1023,10,32.4,North,Sunny
2013-12-12 17,0,-3,1024,12,25.2,North,Sunny
2013-12-12 18,NULL,-4,1024,14,14.4,North,Sunny
2013-12-12 19,0,-4,1025,16,7.2,Northeast,Sunny
2013-12-12 20,0,-5,1025,18,3.6,NULL,Sunny
2013-12-12 21,0,-6,1025,24,3.6,NULL,Sunny
2013-12-12 22,0,-6,1025,24,10.8,South,Sunny
2013-12-12 23,0,-8,1025,35,3.6,East,Sunny
2013-12-13 00,0,-8,1025,32,3.6,NULL,Sunny
2013-12-13 01,1,-6,1025,26,10.8,Southwest,Sunny
2013-12-13 02,1,-7,1025,33,7.2,Southeast,Sunny
2013-12-13 03,1,-5,1026,28,7.2,Southwest,Sunny
2013-12-13 04,1,-8,1026,38,3.6,NULL,Sunny
2013-12-13 05,1,-9,1026,38,7.2,Northwest,Sunny
2013-12-13 06,1,-10,1027,41,7.2,North,Sunny
2013-12-13 07,2,-10,1027,45,3.6,North,Sunny
2013-12-13 08,2,-7,1028,39,3.6,NULL,Sunny
2013-12-13 09,2,-3,1028,29,0,NULL,Sunny
2013-12-13 10,2,-1,1028,23,3.6,NULL,Sunny
2013-12-13 11,2,0,1027,14,3.6,NULL,Sunny
2013-12-13 12,1,1,1026,12,7.2,NULL,Sunny
2013-12-13 13,1,1,1025,13,7.2,Southwest,Sunny
2013-12-13 14,1,3,1024,11,10.8,South,Sunny
2013-12-13 15,1,2,1023,12,14.4,South,Sunny
2013-12-13 16,1,2,1024,13,10.8,South,Sunny
2013-12-13 17,2,1,1024,15,3.6,NULL,Sunny
2013-12-13 18,2,-4,1024,28,7.2,Northeast,Sunny
2013-12-13 19,3,-3,1024,24,10.8,Northeast,Sunny
2013-12-13 20,3,-3,1025,26,7.2,Northeast,Sunny
2013-12-13 21,3,-4,1025,28,3.6,NULL,Sunny
2013-12-13 22,3,-6,1025,33,7.2,North,Sunny
2013-12-13 23,2,-7,1026,39,14.4,North,Sunny
2013-12-14 00,1,-7,1026,42,7.2,North,Sunny
2013-12-14 01,1,-8,1026,45,10.8,North,Sunny
2013-12-14 02,1,-9,1026,53,10.8,North,Sunny
2013-12-14 03,1,-8,1027,45,10.8,Northwest,Sunny
2013-12-14 04,2,-7,1027,33,7.2,Northwest,Sunny
2013-12-14 05,0,-7,1027,39,3.6,NULL,Sunny
2013-12-14 06,0,-8,1028,42,14.4,Northwest,Sunny
2013-12-14 07,0,-10,1029,41,10.8,North,Sunny
2013-12-14 08,0,-8,1029,38,7.2,North,Sunny
2013-12-14 09,0,-3,1030,26,7.2,Southeast,Sunny
2013-12-14 10,0,-1,1031,21,10.8,Northeast,Sunny
2013-12-14 11,0,1,1030,11,14.4,Northeast,Sunny
2013-12-14 12,1,3,1029,9,14.4,Northeast,Sunny
2013-12-14 13,0,3,1028,8,14.4,Northeast,Sunny
2013-12-14 14,0,4,1028,8,10.8,Northeast,Sunny
2013-12-14 15,0,5,1028,7,3.6,NULL,Sunny
2013-12-14 16,1,4,1028,9,7.2,NULL,Sunny
2013-12-14 17,2,1,1029,10,3.6,Northeast,Sunny
2013-12-14 18,3,-2,1029,18,3.6,Northeast,Sunny
2013-12-14 19,2,-3,1030,22,3.6,Northeast,Sunny
2013-12-14 20,3,-4,1030,28,3.6,NULL,Sunny
2013-12-14 21,3,-2,1031,23,3.6,NULL,Sunny
2013-12-14 22,3,-1,1031,21,10.8,Southwest,Sunny
2013-12-14 23,3,-3,1032,26,7.2,North,Sunny
2013-12-15 00,3,-3,1032,29,7.2,NULL,Sunny
2013-12-15 01,3,-3,1032,26,3.6,Northwest,Sunny
2013-12-15 02,2,-4,1033,31,0,NULL,Sunny
2013-12-15 03,0,-5,1033,33,18,Northwest,Sunny
2013-12-15 04,1,-5,1033,31,18,North,Sunny
2013-12-15 05,1,-5,1033,28,14.4,North,Sunny
2013-12-15 06,0,-2,1033,19,21.6,Northeast,Sunny
2013-12-15 07,0,-3,1033,22,18,Northeast,Sunny
2013-12-15 08,0,-2,1034,21,10.8,Northeast,Sunny
2013-12-15 09,0,0,1035,18,3.6,NULL,Sunny
2013-12-15 10,0,1,1036,15,7.2,North,Sunny
2013-12-15 11,0,3,1035,12,7.2,North,Sunny
2013-12-15 12,0,4,1034,10,3.6,NULL,Sunny
2013-12-15 13,0,4,1033,10,3.6,NULL,Sunny
2013-12-15 14,0,5,1032,10,7.2,NULL,Sunny
2013-12-15 15,0,5,1032,11,3.6,NULL,Sunny
2013-12-15 16,1,4,1032,12,10.8,South,Sunny
2013-12-15 17,1,1,1033,17,3.6,NULL,Sunny
2013-12-15 18,1,0,1033,21,3.6,NULL,NULL
2013-12-15 19,1,-2,1034,34,3.6,Southeast,NULL
2013-12-15 20,2,-3,1033,37,0,NULL,NULL
2013-12-15 21,2,-3,1034,37,0,NULL,NULL
2013-12-15 22,2,-5,1034,43,3.6,NULL,Foggy
2013-12-15 23,2,-4,1034,40,3.6,Northeast,Foggy
2013-12-16 00,2,-5,1034,50,3.6,NULL,NULL
2013-12-16 01,3,-6,1033,46,0,NULL,NULL
2013-12-16 02,4,-5,1033,43,0,NULL,NULL
2013-12-16 03,5,-6,1033,54,3.6,North,NULL
2013-12-16 04,4,-7,1032,49,7.2,North,NULL
2013-12-16 05,4,-8,1032,58,7.2,North,NULL
2013-12-16 06,4,-8,1031,53,7.2,Northwest,NULL
2013-12-16 07,2,-7,1031,54,10.8,Northwest,NULL
2013-12-16 08,2,-8,1032,53,10.8,North,NULL
2013-12-16 09,1,-6,1032,58,3.6,NULL,NULL
2013-12-16 10,1,-3,1033,43,3.6,NULL,NULL
2013-12-16 11,1,-1,1032,37,3.6,NULL,NULL
2013-12-16 12,1,1,1031,23,0,NULL,NULL
2013-12-16 13,2,1,1030,23,3.6,NULL,NULL
2013-12-16 14,2,2,1029,22,3.6,NULL,NULL
2013-12-16 15,3,2,1029,24,3.6,Southeast,Foggy
2013-12-16 16,3,1,1029,28,3.6,East,Foggy
2013-12-16 17,4,-1,1029,34,3.6,Northeast,Foggy
2013-12-16 18,4,-2,1029,40,3.6,East,Foggy
2013-12-16 19,4,-2,1030,43,3.6,NULL,Foggy
2013-12-16 20,4,-2,1030,51,3.6,NULL,Foggy
2013-12-16 21,4,-1,1031,44,3.6,Southeast,Foggy
2013-12-16 22,4,-1,1031,47,3.6,NULL,Foggy
2013-12-16 23,5,-1,1031,44,3.6,Northeast,Foggy
2013-12-17 00,4,-2,1031,47,7.2,North,Foggy
2013-12-17 01,4,-3,1031,47,7.2,North,Foggy
2013-12-17 02,4,-3,1031,51,7.2,North,Foggy
2013-12-17 03,4,-2,1032,47,7.2,Northwest,Foggy
2013-12-17 04,4,-1,1031,44,10.8,North,Foggy
2013-12-17 05,4,-2,1031,47,7.2,North,Foggy
2013-12-17 06,4,-1,1032,44,3.6,Northeast,NULL
2013-12-17 07,3,0,1032,30,18,Northeast,Sunny
2013-12-17 08,2,0,1033,30,18,Northeast,Sunny
2013-12-17 09,2,0,1034,30,21.6,Northeast,Sunny
2013-12-17 10,1,0,1034,23,25.2,Northeast,Sunny
2013-12-17 11,0,1,1034,22,21.6,Northeast,Sunny
2013-12-17 12,0,2,1033,20,18,North,Sunny
2013-12-17 13,0,1,1033,22,10.8,Northeast,Sunny
2013-12-17 14,0,2,1032,20,10.8,Northeast,Sunny
2013-12-17 15,0,2,1032,18,10.8,Northeast,Sunny
2013-12-17 16,0,1,1032,20,10.8,Northeast,Sunny
2013-12-17 17,0,0,1033,25,7.2,Northeast,Sunny
2013-12-17 18,0,-3,1034,31,7.2,Northeast,Sunny
2013-12-17 19,0,-1,1035,23,14.4,Northeast,Sunny
2013-12-17 20,0,-2,1035,23,14.4,Northeast,Sunny
2013-12-17 21,4,-3,1036,24,14.4,Northeast,Sunny
2013-12-17 22,3,-4,1037,26,18,Northeast,Sunny
2013-12-17 23,0,-5,1037,28,18,Northeast,Sunny
2013-12-18 00,0,-5,1037,28,18,Northeast,Sunny
2013-12-18 01,0,-6,1037,30,14.4,Northeast,Sunny
2013-12-18 02,0,-6,1036,33,18,Northeast,Sunny
2013-12-18 03,0,-7,1036,36,14.4,Northeast,Sunny
2013-12-18 04,NULL,-7,1036,36,10.8,Northeast,Sunny
2013-12-18 05,NULL,-10,1035,38,10.8,North,Sunny
2013-12-18 06,0,-11,1035,48,10.8,North,Sunny
2013-12-18 07,0,-10,1035,45,7.2,Northeast,Sunny
2013-12-18 08,1,-6,1035,33,25.2,Northwest,Sunny
2013-12-18 09,1,-4,1035,28,14.4,North,Sunny
2013-12-18 10,0,-3,1035,26,10.8,North,Sunny
2013-12-18 11,0,-1,1034,23,14.4,North,Sunny
2013-12-18 12,0,1,1032,15,18,North,Sunny
2013-12-18 13,1,0,1031,17,7.2,NULL,Sunny
2013-12-18 14,1,0,1030,21,7.2,East,Sunny
2013-12-18 15,1,0,1029,17,7.2,Southeast,Sunny
2013-12-18 16,1,-1,1029,23,10.8,East,Sunny
2013-12-18 17,1,-3,1029,26,7.2,East,Sunny
2013-12-18 18,2,-4,1029,31,7.2,East,Sunny
2013-12-18 19,2,-5,1029,33,7.2,East,Sunny
2013-12-18 20,2,-5,1029,33,3.6,NULL,Sunny
2013-12-18 21,2,-8,1030,45,7.2,Northeast,Sunny
2013-12-18 22,2,-7,1030,46,3.6,NULL,Sunny
2013-12-18 23,2,-7,1030,42,7.2,North,Sunny
2013-12-19 00,3,-9,1030,49,14.4,North,Sunny
2013-12-19 01,4,-7,1030,42,7.2,North,Sunny
2013-12-19 02,4,-10,1030,53,7.2,North,Sunny
2013-12-19 03,2,-8,1030,42,10.8,Northeast,Sunny
2013-12-19 04,1,-10,1030,45,7.2,North,Sunny
2013-12-19 05,0,-11,1030,53,10.8,North,Sunny
2013-12-19 06,0,-10,1030,45,14.4,North,Sunny
2013-12-19 07,0,-8,1031,42,10.8,North,Sunny
2013-12-19 08,0,-7,1031,39,14.4,Northeast,Sunny
2013-12-19 09,0,-6,1032,36,14.4,Northeast,Sunny
2013-12-19 10,0,-4,1032,31,14.4,Northeast,Sunny
2013-12-19 11,0,-3,1032,26,14.4,Northeast,Sunny
2013-12-19 12,0,-1,1031,23,10.8,Northeast,Sunny
2013-12-19 13,0,-1,1030,23,10.8,Northeast,Sunny
2013-12-19 14,0,0,1029,21,10.8,Northeast,Sunny
2013-12-19 15,0,0,1030,18,7.2,Northeast,Sunny
2013-12-19 16,0,0,1030,20,7.2,Northeast,Sunny
2013-12-19 17,1,-2,1030,23,3.6,Southeast,Sunny
2013-12-19 18,1,-4,1031,28,3.6,NULL,Sunny
2013-12-19 19,2,-1,1031,25,7.2,Southwest,Sunny
2013-12-19 20,2,-4,1032,31,7.2,South,Sunny
2013-12-19 21,2,-6,1032,42,7.2,North,Sunny
2013-12-19 22,2,-8,1032,45,7.2,North,NULL
2013-12-19 23,2,-9,1032,49,10.8,North,NULL
2013-12-20 00,2,-8,1032,42,10.8,North,NULL
2013-12-20 01,3,-5,1033,36,10.8,Northeast,Sunny
2013-12-20 02,3,-4,1033,34,10.8,Northeast,Sunny
2013-12-20 03,3,-10,1033,49,10.8,North,Sunny
2013-12-20 04,2,-10,1033,53,10.8,Northwest,Sunny
2013-12-20 05,1,-7,1033,42,10.8,North,Sunny
2013-12-20 06,1,-9,1033,49,10.8,North,Sunny
2013-12-20 07,1,-11,1034,57,7.2,North,Sunny
2013-12-20 08,1,-10,1035,57,7.2,North,Sunny
2013-12-20 09,1,-3,1035,40,10.8,North,Sunny
2013-12-20 10,1,-1,1035,29,14.4,Northeast,Sunny
2013-12-20 11,1,1,1036,20,3.6,NULL,Sunny
2013-12-20 12,0,1,1035,20,10.8,Northeast,Sunny
2013-12-20 13,0,1,1034,18,14.4,Northeast,Sunny
2013-12-20 14,0,2,1034,17,7.2,NULL,Sunny
2013-12-20 15,0,2,1034,17,10.8,Northeast,Sunny
2013-12-20 16,0,1,1034,18,7.2,Northeast,Sunny
2013-12-20 17,0,-1,1034,25,3.6,Southeast,Sunny
2013-12-20 18,0,-3,1035,31,3.6,North,Sunny
2013-12-20 19,0,0,1035,30,7.2,North,Sunny
2013-12-20 20,1,-5,1036,43,7.2,Northeast,Sunny
2013-12-20 21,1,-5,1036,36,10.8,North,Sunny
2013-12-20 22,1,-2,1036,31,14.4,Northeast,Sunny
2013-12-20 23,0,-4,1037,31,7.2,Northeast,Sunny
2013-12-21 00,1,-4,1037,31,3.6,Northeast,Sunny
2013-12-21 01,1,-5,1037,33,10.8,Northeast,Sunny
2013-12-21 02,0,-3,1037,29,14.4,Northeast,Sunny
2013-12-21 03,0,-4,1037,31,14.4,Northeast,Sunny
2013-12-21 04,1,-5,1037,33,10.8,Northeast,Sunny
2013-12-21 05,1,-9,1036,45,10.8,North,Sunny
2013-12-21 06,0,-8,1036,45,10.8,Northwest,Sunny
2013-12-21 07,1,-8,1036,45,7.2,Northwest,Sunny
2013-12-21 08,1,-8,1037,53,14.4,North,Sunny
2013-12-21 09,0,-3,1037,37,14.4,North,Sunny
2013-12-21 10,0,-1,1037,27,14.4,Northeast,Sunny
2013-12-21 11,0,0,1037,21,7.2,North,Sunny
2013-12-21 12,0,1,1035,18,7.2,Northeast,Sunny
2013-12-21 13,0,2,1034,17,7.2,West,Sunny
2013-12-21 14,1,2,1033,17,7.2,NULL,Sunny
2013-12-21 15,1,4,1033,15,7.2,NULL,Sunny
2013-12-21 16,2,2,1033,17,7.2,Southwest,Sunny
2013-12-21 17,3,1,1033,22,7.2,South,Sunny
2013-12-21 18,2,-1,1033,32,10.8,South,Sunny
2013-12-21 19,3,-1,1033,32,7.2,South,Sunny
2013-12-21 20,4,-2,1034,34,7.2,South,NULL
2013-12-21 21,4,-2,1034,37,3.6,NULL,NULL
2013-12-21 22,4,-5,1034,46,3.6,NULL,NULL
2013-12-21 23,4,-6,1034,50,3.6,North,NULL
2013-12-22 00,4,-8,1034,58,3.6,East,Foggy
2013-12-22 01,5,-7,1034,58,0,NULL,Foggy
2013-12-22 02,5,-7,1034,58,7.2,North,Foggy
2013-12-22 03,5,-7,1034,54,7.2,North,NULL
2013-12-22 04,5,-8,1034,53,3.6,Northwest,NULL
2013-12-22 05,4,-9,1033,58,7.2,Northwest,NULL
2013-12-22 06,3,-8,1033,53,7.2,North,Sunny
2013-12-22 07,3,-8,1033,53,7.2,North,Sunny
2013-12-22 08,2,-9,1034,53,7.2,North,Sunny
2013-12-22 09,1,-7,1034,58,7.2,North,Sunny
2013-12-22 10,1,-4,1034,46,3.6,NULL,Sunny
2013-12-22 11,1,-2,1034,37,3.6,NULL,Sunny
2013-12-22 12,1,0,1032,32,3.6,NULL,NULL
2013-12-22 13,0,1,1031,25,3.6,NULL,NULL
2013-12-22 14,1,2,1031,24,3.6,NULL,NULL
2013-12-22 15,1,1,1030,25,7.2,Southeast,NULL
2013-12-22 16,1,0,1030,30,7.2,Southeast,Foggy
2013-12-22 17,4,-2,1031,40,3.6,East,Foggy
2013-12-22 18,5,-3,1031,47,3.6,East,Foggy
2013-12-22 19,5,-4,1031,54,3.6,NULL,Foggy
2013-12-22 20,5,-5,1031,59,3.6,Northeast,Foggy
2013-12-22 21,5,-6,1031,63,0,NULL,Foggy
2013-12-22 22,5,-6,1031,63,0,NULL,Foggy
2013-12-22 23,5,-7,1031,63,3.6,Northeast,Foggy
2013-12-23 00,5,-8,1031,63,3.6,Northeast,Foggy
2013-12-23 01,5,-8,1031,68,10.8,North,Foggy
2013-12-23 02,5,-8,1031,58,7.2,North,Foggy
2013-12-23 03,5,-9,1031,62,7.2,Northwest,Foggy
2013-12-23 04,5,-9,1031,58,10.8,Northwest,NULL
2013-12-23 05,5,-7,1031,58,10.8,Northwest,NULL
2013-12-23 06,5,-10,1031,57,10.8,North,Sunny
2013-12-23 07,4,-9,1031,58,14.4,North,Sunny
2013-12-23 08,2,-6,1031,50,14.4,North,Sunny
2013-12-23 09,2,-2,1032,43,10.8,North,Sunny
2013-12-23 10,3,2,1033,26,10.8,Northeast,Sunny
2013-12-23 11,2,3,1032,22,18,Northeast,Sunny
2013-12-23 12,2,4,1032,21,18,Northeast,Sunny
2013-12-23 13,1,5,1031,19,14.4,Northeast,Sunny
2013-12-23 14,1,6,1031,16,10.8,Northeast,Sunny
2013-12-23 15,1,6,1031,16,10.8,Northeast,Sunny
2013-12-23 16,1,5,1031,16,7.2,Northeast,Sunny
2013-12-23 17,1,NULL,NULL,NULL,NULL,NULL,NULL
2013-12-23 18,1,NULL,NULL,NULL,NULL,NULL,NULL
2013-12-23 19,1,NULL,NULL,NULL,NULL,NULL,NULL
2013-12-23 20,2,NULL,NULL,NULL,NULL,NULL,NULL
2013-12-23 21,4,NULL,NULL,NULL,NULL,NULL,NULL
2013-12-23 22,4,NULL,NULL,NULL,NULL,NULL,NULL
2013-12-23 23,4,NULL,NULL,NULL,NULL,NULL,NULL
2013-12-24 00,4,-6,1036,54,3.6,Northeast,Foggy
2013-12-24 01,5,-6,1036,54,3.6,East,Foggy
2013-12-24 02,4,-9,1036,62,3.6,North,Foggy
2013-12-24 03,4,-8,1036,63,0,NULL,Foggy
2013-12-24 04,4,-9,1036,62,3.6,North,Foggy
2013-12-24 05,4,-8,1035,63,0,NULL,Foggy
2013-12-24 06,5,-9,1035,68,7.2,Northeast,Foggy
2013-12-24 07,5,-9,1036,68,3.6,NULL,Foggy
2013-12-24 08,5,-9,1036,73,7.2,Northeast,Foggy
2013-12-24 09,5,-6,1037,63,7.2,North,Foggy
2013-12-24 10,5,-4,1036,59,7.2,North,Foggy
2013-12-24 11,5,-1,1036,47,3.6,NULL,Foggy
2013-12-24 12,5,0,1035,48,3.6,NULL,Foggy
2013-12-24 13,5,0,1034,44,3.6,NULL,Foggy
2013-12-24 14,5,1,1033,44,3.6,NULL,Foggy
2013-12-24 15,5,1,1032,44,3.6,NULL,Foggy
2013-12-24 16,5,0,1032,44,3.6,NULL,Foggy
2013-12-24 17,5,-2,1031,55,3.6,East,Foggy
2013-12-24 18,5,-4,1032,64,7.2,North,Foggy
2013-12-24 19,5,-4,1032,64,3.6,Northeast,Foggy
2013-12-24 20,5,-4,1032,64,7.2,North,Foggy
2013-12-24 21,5,-4,1031,69,3.6,Northeast,Foggy
2013-12-24 22,5,-4,1031,69,3.6,Northeast,Foggy
2013-12-24 23,5,-5,1031,74,0,NULL,Foggy
2013-12-25 00,5,-6,1031,74,7.2,North,Foggy
2013-12-25 01,4,-7,1030,74,7.2,North,Foggy
2013-12-25 02,4,-7,1029,74,7.2,North,Foggy
2013-12-25 03,4,-7,1029,80,7.2,North,Foggy
2013-12-25 04,4,-7,1028,80,7.2,North,Foggy
2013-12-25 05,4,-7,1028,80,7.2,North,Foggy
2013-12-25 06,4,-8,1028,73,10.8,Northwest,Foggy
2013-12-25 07,4,-8,1028,73,7.2,North,Foggy
2013-12-25 08,4,-8,1029,73,10.8,North,Foggy
2013-12-25 09,4,-6,1029,74,14.4,North,Foggy
2013-12-25 10,4,-3,1029,69,7.2,North,Foggy
2013-12-25 11,4,-1,1028,51,10.8,Northwest,Foggy
2013-12-25 12,5,2,1026,38,10.8,Northwest,Foggy
2013-12-25 13,5,4,1025,33,10.8,Northwest,Foggy
2013-12-25 14,5,7,1024,21,14.4,Northwest,Foggy
2013-12-25 15,5,6,1024,21,14.4,Northwest,NULL
2013-12-25 16,0,6,1025,15,28.8,Northwest,Sunny
2013-12-25 17,0,4,1026,14,36,Northwest,Sunny
2013-12-25 18,0,2,1028,14,25.2,Northwest,Sunny
2013-12-25 19,0,1,1030,15,28.8,Northwest,Sunny
2013-12-25 20,1,-1,1031,18,54,Northwest,Sunny
2013-12-25 21,0,-2,1031,19,50.4,Northwest,Sunny
2013-12-25 22,0,-3,1032,19,50.4,Northwest,Sunny
2013-12-25 23,0,-3,1032,21,46.8,Northwest,Sunny
2013-12-26 00,0,-3,1032,22,43.2,Northwest,Sunny
2013-12-26 01,0,-4,1032,24,36,Northwest,Sunny
2013-12-26 02,0,-4,1032,26,36,Northwest,Sunny
2013-12-26 03,0,-4,1033,24,36,Northwest,Sunny
2013-12-26 04,0,-5,1034,26,28.8,Northwest,Sunny
2013-12-26 05,0,-5,1034,26,32.4,Northwest,Sunny
2013-12-26 06,0,-5,1035,24,25.2,Northwest,Sunny
2013-12-26 07,0,-5,1035,24,28.8,Northwest,Sunny
2013-12-26 08,0,-5,1036,24,28.8,Northwest,Sunny
2013-12-26 09,1,-3,1036,21,25.2,Northwest,Sunny
2013-12-26 10,0,-2,1036,19,32.4,Northwest,Sunny
2013-12-26 11,0,-1,1036,18,32.4,Northwest,Sunny
2013-12-26 12,0,1,1035,12,39.6,Northwest,Sunny
2013-12-26 13,0,2,1034,11,32.4,Northwest,Sunny
2013-12-26 14,0,2,1033,12,39.6,Northwest,Sunny
2013-12-26 15,0,2,1033,11,36,Northwest,Sunny
2013-12-26 16,0,2,1033,12,36,Northwest,Sunny
2013-12-26 17,0,1,1034,13,28.8,Northwest,Sunny
2013-12-26 18,0,0,1034,14,36,Northwest,Sunny
2013-12-26 19,0,0,1034,17,28.8,Northwest,Sunny
2013-12-26 20,0,-1,1034,18,28.8,Northwest,Sunny
2013-12-26 21,0,-1,1034,18,32.4,Northwest,Sunny
2013-12-26 22,0,-1,1034,18,25.2,Northwest,Sunny
2013-12-26 23,0,-4,1034,22,18,North,Sunny
2013-12-27 00,0,-5,1034,26,14.4,North,Sunny
2013-12-27 01,0,-3,1034,21,18,Northwest,Sunny
2013-12-27 02,0,-3,1034,21,21.6,Northwest,Sunny
2013-12-27 03,0,-2,1034,19,21.6,Northwest,Sunny
2013-12-27 04,0,-3,1033,21,21.6,Northwest,Sunny
2013-12-27 05,0,-4,1033,24,14.4,Northwest,Sunny
2013-12-27 06,0,-4,1033,24,18,Northwest,Sunny
2013-12-27 07,0,-4,1033,24,21.6,Northwest,Sunny
2013-12-27 08,0,-4,1033,26,25.2,Northwest,Sunny
2013-12-27 09,1,-2,1033,21,21.6,Northwest,Sunny
2013-12-27 10,1,-2,1033,21,21.6,Northwest,Sunny
2013-12-27 11,0,-1,1032,21,21.6,Northwest,Sunny
2013-12-27 12,0,0,1030,20,21.6,Northwest,Sunny
2013-12-27 13,0,0,1029,15,18,Northwest,Sunny
2013-12-27 14,0,1,1028,14,18,Northwest,Sunny
2013-12-27 15,0,1,1027,15,10.8,North,Sunny
2013-12-27 16,0,0,1027,17,3.6,NULL,Sunny
2013-12-27 17,0,1,1027,15,7.2,West,Sunny
2013-12-27 18,1,-2,1027,27,7.2,East,Sunny
2013-12-27 19,1,-2,1027,25,3.6,NULL,Sunny
2013-12-27 20,1,-3,1027,29,3.6,Northeast,Sunny
2013-12-27 21,1,-4,1027,34,0,NULL,Sunny
2013-12-27 22,2,-5,1027,36,7.2,Northeast,NULL
2013-12-27 23,2,-6,1027,36,7.2,Northwest,NULL
2013-12-28 00,2,-6,1027,33,7.2,North,NULL
2013-12-28 01,2,-3,1027,31,14.4,Northwest,NULL
2013-12-28 02,2,-2,1027,31,21.6,Northwest,Sunny
2013-12-28 03,2,-3,1027,34,25.2,Northwest,Sunny
2013-12-28 04,2,-4,1027,34,14.4,Northwest,Sunny
2013-12-28 05,2,-3,1027,26,25.2,Northwest,Sunny
2013-12-28 06,2,-4,1027,28,28.8,Northwest,Sunny
2013-12-28 07,2,-4,1027,28,25.2,Northwest,Sunny
2013-12-28 08,2,-4,1028,28,21.6,Northwest,Sunny
2013-12-28 09,2,-3,1029,24,25.2,Northwest,Sunny
2013-12-28 10,2,-2,1029,19,32.4,Northwest,Sunny
2013-12-28 11,2,-1,1029,16,32.4,Northwest,Sunny
2013-12-28 12,0,0,1028,17,25.2,Northwest,Sunny
2013-12-28 13,0,1,1026,11,32.4,Northwest,Sunny
2013-12-28 14,0,1,1025,12,28.8,Northwest,Sunny
2013-12-28 15,0,2,1025,10,25.2,Northwest,Sunny
2013-12-28 16,0,2,1025,11,21.6,Northwest,Sunny
2013-12-28 17,0,1,1024,11,18,West,Sunny
2013-12-28 18,0,1,1024,11,18,West,Sunny
2013-12-28 19,0,1,1025,12,14.4,West,Sunny
2013-12-28 20,1,0,1024,13,10.8,West,Sunny
2013-12-28 21,1,0,1024,13,18,West,Sunny
2013-12-28 22,1,0,1024,13,10.8,West,Sunny
2013-12-28 23,1,0,1024,13,10.8,West,Sunny
2013-12-29 00,2,-1,1024,18,14.4,Southwest,Sunny
2013-12-29 01,2,0,1023,15,21.6,West,Sunny
2013-12-29 02,2,-1,1023,16,14.4,West,Sunny
2013-12-29 03,2,0,1022,15,25.2,Northwest,Sunny
2013-12-29 04,2,0,1022,15,25.2,Northwest,Sunny
2013-12-29 05,1,-2,1021,18,14.4,Northwest,Sunny
2013-12-29 06,1,-3,1021,19,14.4,Northwest,Sunny
2013-12-29 07,2,-4,1021,22,3.6,NULL,Sunny
2013-12-29 08,3,-7,1021,30,3.6,NULL,Sunny
2013-12-29 09,3,-3,1021,31,7.2,East,Sunny
2013-12-29 10,3,1,1021,17,3.6,NULL,NULL
2013-12-29 11,3,4,1020,12,3.6,NULL,Sunny
2013-12-29 12,3,5,1019,11,7.2,South,Sunny
2013-12-29 13,2,6,1017,9,14.4,Southwest,Sunny
2013-12-29 14,1,7,1016,9,18,Southwest,Sunny
2013-12-29 15,2,7,1016,9,18,Southwest,Sunny
2013-12-29 16,1,6,1016,9,14.4,Southwest,Sunny
2013-12-29 17,0,4,1016,11,10.8,South,Sunny
2013-12-29 18,1,2,1016,13,7.2,South,Sunny
2013-12-29 19,2,4,1017,12,10.8,Southwest,Sunny
2013-12-29 20,2,1,1017,15,7.2,South,NULL
2013-12-29 21,3,4,1017,12,7.2,NULL,NULL
2013-12-29 22,3,-3,1017,31,3.6,NULL,NULL
2013-12-29 23,4,-2,1017,31,0,NULL,NULL
2013-12-30 00,4,3,1017,13,18,Northwest,Sunny
2013-12-30 01,4,2,1017,14,21.6,West,Sunny
2013-12-30 02,3,3,1017,12,25.2,Northwest,Sunny
2013-12-30 03,0,3,1017,12,28.8,Northwest,Sunny
2013-12-30 04,0,1,1016,14,14.4,West,Sunny
2013-12-30 05,0,1,1016,14,14.4,Northwest,Sunny
2013-12-30 06,0,0,1016,15,7.2,North,Sunny
2013-12-30 07,0,3,1016,13,25.2,Northwest,Sunny
2013-12-30 08,0,3,1017,13,25.2,Northwest,Sunny
2013-12-30 09,0,4,1017,12,25.2,Northwest,Sunny
2013-12-30 10,0,5,1017,13,32.4,Northwest,Sunny
2013-12-30 11,0,6,1017,11,36,Northwest,Sunny
2013-12-30 12,0,6,1016,12,32.4,West,Sunny
2013-12-30 13,0,7,1015,11,36,West,Sunny
2013-12-30 14,0,7,1015,12,32.4,West,Sunny
2013-12-30 15,0,7,1014,10,28.8,West,Sunny
2013-12-30 16,0,7,1014,10,28.8,Northwest,Sunny
2013-12-30 17,0,6,1015,12,21.6,Northwest,Sunny
2013-12-30 18,0,5,1015,13,14.4,Northwest,Sunny
2013-12-30 19,0,6,1015,12,7.2,Northwest,Sunny
2013-12-30 20,2,5,1015,14,10.8,Southwest,Sunny
2013-12-30 21,2,3,1015,17,7.2,NULL,Sunny
2013-12-30 22,2,3,1014,17,10.8,South,Sunny
2013-12-30 23,2,4,1014,15,7.2,Southwest,Sunny
2013-12-31 00,2,-2,1013,29,3.6,NULL,Sunny
2013-12-31 01,3,1,1013,20,7.2,Southwest,Sunny
2013-12-31 02,3,-2,1012,29,3.6,NULL,Sunny
2013-12-31 03,4,-5,1012,43,7.2,North,Sunny
2013-12-31 04,4,-2,1011,34,7.2,West,Sunny
2013-12-31 05,4,-5,1011,46,7.2,Southeast,Sunny
2013-12-31 06,3,2,1010,20,10.8,West,Sunny
2013-12-31 07,3,5,1011,15,25.2,Northwest,Sunny
2013-12-31 08,2,5,1012,16,25.2,Northwest,Sunny
2013-12-31 09,1,6,1013,15,36,Northwest,Sunny
2013-12-31 10,1,7,1013,15,36,Northwest,Sunny
2013-12-31 11,1,7,1013,14,32.4,Northwest,Sunny
2013-12-31 12,1,9,1012,13,39.6,Northwest,Sunny
2013-12-31 13,0,9,1011,13,28.8,Northwest,Sunny
2013-12-31 14,0,9,1011,12,28.8,Northwest,Sunny
2013-12-31 15,0,9,1012,13,36,Northwest,Sunny
2013-12-31 16,0,9,1012,13,36,Northwest,Sunny
2013-12-31 17,0,8,1012,13,36,Northwest,Sunny
2013-12-31 18,0,8,1013,13,25.2,Northwest,Sunny
2013-12-31 19,0,7,1013,14,18,Northwest,Sunny
2013-12-31 20,0,7,1014,12,18,Northwest,Sunny
2013-12-31 21,0,7,1014,12,21.6,Northwest,Sunny
2013-12-31 22,0,6,1014,13,18,West,Sunny
2013-12-31 23,0,7,1014,13,25.2,Northwest,Sunny
2014-01-01 00,1,7,1014,13,21.6,Northwest,Sunny
2014-01-01 01,2,7,1013,13,14.4,West,Sunny
2014-01-01 02,2,6,1013,14,14.4,Northwest,Sunny
2014-01-01 03,2,6,1013,14,7.2,Northwest,Sunny
2014-01-01 04,2,3,1012,20,3.6,NULL,Sunny
2014-01-01 05,2,4,1012,19,14.4,Northwest,Sunny
2014-01-01 06,2,6,1012,15,18,Northwest,Sunny
2014-01-01 07,2,6,1013,15,25.2,Northwest,Sunny
2014-01-01 08,2,6,1013,16,21.6,Northwest,Sunny
2014-01-01 09,3,7,1014,15,18,Northwest,Sunny
2014-01-01 10,3,8,1015,14,18,Northwest,Sunny
2014-01-01 11,4,9,1015,13,28.8,Northwest,Sunny
2014-01-01 12,2,10,1015,14,32.4,Northwest,Sunny
2014-01-01 13,0,11,1014,12,25.2,Northwest,Sunny
2014-01-01 14,0,11,1014,13,28.8,Northwest,Sunny
2014-01-01 15,0,11,1014,13,25.2,Northwest,Sunny
2014-01-01 16,0,11,1014,13,21.6,Northwest,Sunny
2014-01-01 17,0,10,1015,15,18,Northwest,Sunny
2014-01-01 18,0,9,1015,16,10.8,West,Sunny
2014-01-01 19,1,9,1016,16,7.2,Southwest,Sunny
2014-01-01 20,2,3,1017,28,3.6,Southeast,Sunny
2014-01-01 21,2,0,1017,35,7.2,Northeast,Sunny
2014-01-01 22,2,-1,1018,44,3.6,East,Sunny
2014-01-01 23,3,0,1019,41,7.2,North,NULL
2014-01-02 00,3,-2,1019,43,3.6,Northeast,NULL
2014-01-02 01,3,-4,1019,54,3.6,NULL,NULL
2014-01-02 02,3,-4,1019,54,0,NULL,NULL
2014-01-02 03,4,-4,1019,54,3.6,North,NULL
2014-01-02 04,4,-5,1020,59,3.6,NULL,NULL
2014-01-02 05,3,-2,1020,55,7.2,East,NULL
2014-01-02 06,3,-2,1020,69,7.2,Southeast,NULL
2014-01-02 07,3,-5,1020,74,3.6,Northeast,NULL
2014-01-02 08,3,-5,1021,74,10.8,North,NULL
2014-01-02 09,2,-2,1021,69,7.2,North,Foggy
2014-01-02 10,2,2,1021,52,7.2,Northwest,NULL
2014-01-02 11,2,4,1020,42,3.6,NULL,NULL
2014-01-02 12,2,5,1019,39,3.6,NULL,Sunny
2014-01-02 13,2,7,1017,31,3.6,NULL,NULL
2014-01-02 14,2,7,1016,31,7.2,NULL,NULL
2014-01-02 15,3,7,1016,29,3.6,NULL,NULL
2014-01-02 16,3,6,1016,31,0,NULL,NULL
2014-01-02 17,3,4,1016,39,3.6,NULL,NULL
2014-01-02 18,4,3,1016,45,3.6,NULL,NULL
2014-01-02 19,4,1,1016,48,3.6,NULL,NULL
2014-01-02 20,4,0,1017,55,3.6,NULL,Foggy
2014-01-02 21,4,0,1017,55,3.6,East,Foggy
2014-01-02 22,4,-1,1017,60,7.2,Northeast,Foggy
2014-01-02 23,4,-1,1018,64,14.4,North,Foggy
2014-01-03 00,4,0,1018,51,10.8,North,NULL
2014-01-03 01,4,1,1018,48,0,NULL,NULL
2014-01-03 02,3,0,1019,51,14.4,North,NULL
2014-01-03 03,1,1,1019,48,3.6,NULL,NULL
2014-01-03 04,0,-2,1020,59,10.8,North,NULL
2014-01-03 05,0,-1,1020,55,14.4,North,Sunny
2014-01-03 06,0,0,1020,38,3.6,NULL,Sunny
2014-01-03 07,1,-1,1022,40,10.8,North,Sunny
2014-01-03 08,1,-1,1023,44,14.4,North,Sunny
2014-01-03 09,0,4,1024,28,14.4,North,Sunny
2014-01-03 10,0,7,1025,18,10.8,North,Sunny
2014-01-03 11,0,8,1024,17,10.8,North,Sunny
2014-01-03 12,0,8,1023,17,10.8,Northwest,Sunny
2014-01-03 13,0,9,1022,15,7.2,North,Sunny
2014-01-03 14,0,9,1022,13,7.2,Northeast,Sunny
2014-01-03 15,0,8,1022,16,7.2,Northeast,Sunny
2014-01-03 16,0,7,1022,17,7.2,East,Sunny
2014-01-03 17,0,5,1023,19,7.2,East,Sunny
2014-01-03 18,1,3,1023,22,0,NULL,Sunny
2014-01-03 19,1,3,1024,22,3.6,NULL,Sunny
2014-01-03 20,1,1,1024,28,3.6,NULL,Sunny
2014-01-03 21,2,-1,1024,40,0,NULL,Sunny
2014-01-03 22,3,-1,1025,47,7.2,Southeast,Sunny
2014-01-03 23,2,-1,1025,60,10.8,Southeast,Sunny
2014-01-04 00,2,-1,1026,69,7.2,Southeast,Sunny
2014-01-04 01,2,-2,1025,74,7.2,Southeast,Sunny
2014-01-04 02,2,-2,1025,69,3.6,NULL,Sunny
2014-01-04 03,2,-2,1025,69,7.2,Southeast,Sunny
2014-01-04 04,2,-5,1025,74,0,NULL,Sunny
2014-01-04 05,1,-5,1025,74,3.6,NULL,Sunny
2014-01-04 06,1,-6,1025,80,0,NULL,Sunny
2014-01-04 07,2,-4,1025,80,3.6,East,NULL
2014-01-04 08,2,-3,1025,74,3.6,NULL,NULL
2014-01-04 09,2,-2,1025,74,3.6,Southeast,Foggy
2014-01-04 10,3,-1,1025,69,3.6,Southeast,Foggy
2014-01-04 11,4,-1,1024,75,7.2,East,Foggy
2014-01-04 12,4,0,1023,64,7.2,Northeast,Foggy
2014-01-04 13,4,1,1021,56,3.6,NULL,Foggy
2014-01-04 14,4,2,1020,52,7.2,Southeast,Foggy
2014-01-04 15,4,2,1020,52,3.6,NULL,Foggy
2014-01-04 16,4,2,1020,52,7.2,Northwest,Foggy
2014-01-04 17,4,1,1020,56,7.2,Northwest,Foggy
2014-01-04 18,4,-2,1020,64,10.8,North,Foggy
2014-01-04 19,4,-3,1021,69,7.2,North,Foggy
2014-01-04 20,4,-4,1021,74,7.2,North,Foggy
2014-01-04 21,4,-4,1021,74,3.6,NULL,Foggy
2014-01-04 22,4,-4,1021,74,3.6,NULL,Foggy
2014-01-04 23,4,-5,1021,74,7.2,Northwest,Foggy
2014-01-05 00,4,-4,1021,74,7.2,Northwest,Foggy
2014-01-05 01,4,-6,1022,74,10.8,Northwest,Foggy
2014-01-05 02,4,-5,1022,80,14.4,North,Foggy
2014-01-05 03,4,-6,1022,80,14.4,North,Foggy
2014-01-05 04,3,-7,1023,80,10.8,North,Foggy
2014-01-05 05,3,-7,1023,80,18,North,Foggy
2014-01-05 06,3,-6,1023,80,14.4,North,Foggy
2014-01-05 07,2,-7,1024,80,10.8,Northwest,Foggy
2014-01-05 08,2,-4,1024,74,18,Northwest,Foggy
2014-01-05 09,1,-2,1025,64,18,Northwest,Foggy
2014-01-05 10,1,1,1026,52,10.8,North,NULL
2014-01-05 11,1,5,1026,29,10.8,North,NULL
2014-01-05 12,1,5,1025,24,10.8,Northeast,Sunny
2014-01-05 13,1,5,1024,24,10.8,Northeast,Sunny
2014-01-05 14,0,6,1024,21,10.8,Northeast,Sunny
2014-01-05 15,0,6,1024,21,10.8,Northeast,Sunny
2014-01-05 16,0,6,1024,21,10.8,East,Sunny
2014-01-05 17,1,3,1024,26,7.2,Southeast,Sunny
2014-01-05 18,1,1,1025,30,7.2,South,Sunny
2014-01-05 19,1,-1,1025,44,3.6,NULL,Sunny
2014-01-05 20,1,-2,1026,47,3.6,NULL,Sunny
2014-01-05 21,2,0,1026,41,14.4,Southeast,NULL
2014-01-05 22,3,-1,1027,55,10.8,Southeast,NULL
2014-01-05 23,3,-2,1028,64,7.2,Southeast,NULL
2014-01-06 00,4,-3,1028,74,3.6,NULL,Foggy
2014-01-06 01,3,-2,1028,80,3.6,NULL,Foggy
2014-01-06 02,3,-1,1028,75,3.6,NULL,Foggy
2014-01-06 03,3,-1,1028,75,0,NULL,Snowy
2014-01-06 04,3,-1,1027,75,3.6,Southeast,Snowy
2014-01-06 05,3,-1,1027,75,3.6,NULL,Snowy
2014-01-06 06,2,-1,1027,75,7.2,Southeast,Cloudy
2014-01-06 07,3,-1,1027,75,7.2,Southeast,Cloudy
2014-01-06 08,3,-1,1027,75,7.2,Southeast,Overcast
2014-01-06 09,3,-1,1028,69,10.8,Southeast,Snowy
2014-01-06 10,4,-1,1028,75,10.8,Southeast,Snowy
2014-01-06 11,4,0,1027,75,14.4,Southeast,Overcast
2014-01-06 12,3,0,1026,75,10.8,Southeast,Overcast
2014-01-06 13,3,0,1025,69,14.4,Southeast,Overcast
2014-01-06 14,3,0,1024,69,10.8,Southeast,Overcast
2014-01-06 15,3,0,1024,69,7.2,Southeast,Overcast
2014-01-06 16,3,0,1024,69,7.2,Southeast,Foggy
2014-01-06 17,3,0,1024,69,3.6,Southeast,Foggy
2014-01-06 18,3,-2,1024,69,3.6,East,Foggy
2014-01-06 19,4,-2,1024,74,3.6,Northeast,Foggy
2014-01-06 20,4,-1,1025,75,3.6,East,Foggy
2014-01-06 21,4,-1,1025,69,3.6,East,Foggy
2014-01-06 22,4,-1,1025,69,3.6,Northeast,Foggy
2014-01-06 23,4,-1,1024,69,3.6,NULL,Foggy
2014-01-07 00,4,-1,1024,69,0,NULL,Foggy
2014-01-07 01,4,-2,1024,74,3.6,Northeast,Foggy
2014-01-07 02,4,-4,1024,80,3.6,NULL,Foggy
2014-01-07 03,4,-4,1025,80,3.6,North,Foggy
2014-01-07 04,4,-3,1025,80,7.2,North,Foggy
2014-01-07 05,4,-3,1024,80,10.8,North,Foggy
2014-01-07 06,4,-5,1024,80,10.8,North,Foggy
2014-01-07 07,4,-5,1025,86,10.8,North,Foggy
2014-01-07 08,4,-3,1026,80,14.4,North,Foggy
2014-01-07 09,4,-1,1027,64,14.4,North,Foggy
2014-01-07 10,4,1,1028,52,14.4,North,Foggy
2014-01-07 11,3,3,1027,36,14.4,Northeast,NULL
2014-01-07 12,2,3,1027,28,18,Northeast,Sunny
2014-01-07 13,0,5,1026,24,14.4,Northeast,Sunny
2014-01-07 14,0,5,1026,21,14.4,Northeast,Sunny
2014-01-07 15,0,5,1026,21,10.8,North,Sunny
2014-01-07 16,0,5,1027,21,7.2,Northeast,Sunny
2014-01-07 17,0,4,1028,22,7.2,Northwest,Sunny
2014-01-07 18,0,4,1028,22,10.8,Northwest,Sunny
2014-01-07 19,0,-1,1029,32,14.4,North,Sunny
2014-01-07 20,0,-1,1030,25,10.8,North,Sunny
2014-01-07 21,0,0,1031,21,14.4,North,Sunny
2014-01-07 22,0,0,1032,14,14.4,North,Sunny
2014-01-07 23,0,-4,1032,26,14.4,North,Sunny
2014-01-08 00,0,-3,1032,22,14.4,North,Sunny
2014-01-08 01,0,-4,1033,26,10.8,North,Sunny
2014-01-08 02,0,-4,1033,26,10.8,North,Sunny
2014-01-08 03,0,-4,1033,28,18,North,Sunny
2014-01-08 04,0,-5,1034,31,14.4,North,Sunny
2014-01-08 05,0,-5,1034,31,7.2,Northeast,Sunny
2014-01-08 06,0,-6,1034,30,7.2,Northwest,Sunny
2014-01-08 07,0,-6,1034,33,18,North,Sunny
2014-01-08 08,0,-5,1035,31,14.4,Northeast,Sunny
2014-01-08 09,0,-5,1036,28,10.8,North,Sunny
2014-01-08 10,0,-2,1036,25,14.4,North,Sunny
2014-01-08 11,1,-1,1035,21,7.2,NULL,Sunny
2014-01-08 12,1,0,1034,11,32.4,Northwest,Sunny
2014-01-08 13,0,1,1033,11,25.2,Northwest,Sunny
2014-01-08 14,0,0,1032,14,21.6,Northwest,Sunny
2014-01-08 15,0,0,1032,13,21.6,Northwest,Sunny
2014-01-08 16,0,0,1032,14,21.6,Northwest,Sunny
2014-01-08 17,0,-1,1033,14,21.6,Northwest,Sunny
2014-01-08 18,0,-2,1033,15,18,Northwest,Sunny
2014-01-08 19,0,-2,1033,16,18,Northwest,Sunny
2014-01-08 20,0,-5,1034,20,18,North,Sunny
2014-01-08 21,0,-7,1034,23,14.4,North,Sunny
2014-01-08 22,0,-8,1034,30,7.2,North,Sunny
2014-01-08 23,0,-7,1034,25,7.2,South,Sunny
2014-01-09 00,0,-10,1034,35,3.6,NULL,Sunny
2014-01-09 01,0,-10,1033,35,7.2,North,Sunny
2014-01-09 02,0,-9,1033,32,7.2,North,Sunny
2014-01-09 03,0,-11,1033,38,10.8,North,Sunny
2014-01-09 04,0,-8,1033,30,10.8,Northwest,Sunny
2014-01-09 05,0,-6,1033,20,18,Northwest,Sunny
2014-01-09 06,0,-7,1033,23,14.4,Northwest,Sunny
2014-01-09 07,0,-9,1033,27,7.2,North,Sunny
2014-01-09 08,0,-9,1034,30,10.8,North,Sunny
2014-01-09 09,0,-4,1035,19,14.4,Northwest,Sunny
2014-01-09 10,NULL,-3,1035,16,14.4,Northwest,Sunny
2014-01-09 11,0,-2,1034,12,21.6,Northwest,Sunny
2014-01-09 12,1,0,1032,11,18,North,Sunny
2014-01-09 13,0,0,1031,7,21.6,Northwest,Sunny
2014-01-09 14,0,1,1029,6,21.6,Northwest,Sunny
2014-01-09 15,0,1,1029,5,25.2,Northwest,Sunny
2014-01-09 16,0,1,1029,6,21.6,Northwest,Sunny
2014-01-09 17,1,0,1029,13,18,Southwest,Sunny
2014-01-09 18,1,-1,1029,16,10.8,Southwest,Sunny
2014-01-09 19,1,-2,1030,19,7.2,Southwest,Sunny
2014-01-09 20,1,-2,1030,21,10.8,Southwest,Sunny
2014-01-09 21,1,-2,1030,19,7.2,Southwest,Sunny
2014-01-09 22,1,-6,1031,24,3.6,NULL,Sunny
2014-01-09 23,1,-8,1031,35,3.6,Northeast,Sunny
2014-01-10 00,2,-9,1031,41,3.6,NULL,Sunny
2014-01-10 01,2,-9,1031,41,3.6,NULL,Sunny
2014-01-10 02,2,-12,1031,44,7.2,North,Sunny
2014-01-10 03,2,-11,1031,41,7.2,North,Sunny
2014-01-10 04,2,-12,1031,44,7.2,North,Sunny
2014-01-10 05,2,-13,1031,44,7.2,Northwest,Sunny
2014-01-10 06,2,-13,1031,48,10.8,North,Sunny
2014-01-10 07,1,NULL,NULL,NULL,NULL,NULL,NULL
2014-01-10 08,1,-11,1031,41,3.6,NULL,Sunny
2014-01-10 09,1,-8,1032,35,7.2,North,Sunny
2014-01-10 10,1,-5,1032,26,3.6,NULL,Sunny
2014-01-10 11,1,-2,1032,19,3.6,NULL,Sunny
2014-01-10 12,1,0,1031,14,3.6,NULL,Sunny
2014-01-10 13,1,3,1030,9,7.2,North,Sunny
2014-01-10 14,1,3,1029,9,7.2,Northwest,Sunny
2014-01-10 15,1,4,1029,9,7.2,Southwest,Sunny
2014-01-10 16,1,5,1029,7,18,Northwest,Sunny
2014-01-10 17,1,2,1029,11,14.4,Southwest,Sunny
2014-01-10 18,2,1,1030,12,14.4,Southwest,Sunny
2014-01-10 19,3,1,1030,13,14.4,Southwest,Sunny
2014-01-10 20,3,-3,1031,26,3.6,NULL,Sunny
2014-01-10 21,3,1,1031,14,3.6,NULL,Sunny
2014-01-10 22,3,-5,1032,33,7.2,Southeast,Sunny
2014-01-10 23,4,-8,1032,38,3.6,East,Sunny
2014-01-11 00,4,-9,1032,45,3.6,Northeast,Sunny
2014-01-11 01,3,-9,1032,45,3.6,Northeast,NULL
2014-01-11 02,4,-9,1032,45,7.2,North,NULL
2014-01-11 03,4,-10,1032,49,3.6,North,NULL
2014-01-11 04,4,-10,1032,41,7.2,North,NULL
2014-01-11 05,4,-11,1032,53,3.6,NULL,NULL
2014-01-11 06,4,-12,1031,52,3.6,North,NULL
2014-01-11 07,4,-11,1031,48,10.8,North,NULL
2014-01-11 08,4,-11,1032,48,7.2,Northeast,NULL
2014-01-11 09,4,-7,1032,42,3.6,NULL,Sunny
2014-01-11 10,4,-3,1032,26,7.2,Northwest,Sunny
2014-01-11 11,4,-1,1031,21,7.2,Northwest,Sunny
2014-01-11 12,3,1,1030,13,7.2,Northwest,Sunny
2014-01-11 13,4,3,1029,11,7.2,NULL,Sunny
2014-01-11 14,4,5,1028,10,7.2,West,Sunny
2014-01-11 15,4,5,1027,8,7.2,NULL,Sunny
2014-01-11 16,4,4,1027,10,14.4,South,Sunny
2014-01-11 17,4,2,1027,16,10.8,South,NULL
2014-01-11 18,4,2,1028,17,14.4,Southwest,NULL
2014-01-11 19,4,2,1029,20,10.8,Southwest,NULL
2014-01-11 20,5,-4,1029,34,3.6,North,NULL
2014-01-11 21,5,-5,1030,33,7.2,North,NULL
2014-01-11 22,5,-1,1031,25,14.4,Northwest,NULL
2014-01-11 23,5,-2,1032,27,3.6,NULL,Sunny
2014-01-12 00,4,1,1032,17,32.4,Northwest,Sunny
2014-01-12 01,0,-1,1033,21,25.2,Northwest,Sunny
2014-01-12 02,0,-1,1034,16,28.8,Northwest,Sunny
2014-01-12 03,0,-3,1035,22,21.6,North,Sunny
2014-01-12 04,0,-6,1035,26,14.4,North,Sunny
2014-01-12 05,0,-7,1035,30,14.4,North,Sunny
2014-01-12 06,0,-6,1036,24,7.2,North,Sunny
2014-01-12 07,0,-7,1037,28,10.8,North,Sunny
2014-01-12 08,0,-6,1038,28,3.6,NULL,Sunny
2014-01-12 09,0,-2,1039,21,7.2,Northwest,Sunny
2014-01-12 10,0,0,1039,17,7.2,Northwest,Sunny
2014-01-12 11,0,1,1039,12,7.2,Northeast,Sunny
2014-01-12 12,0,1,1038,12,3.6,NULL,Sunny
2014-01-12 13,0,2,1036,10,14.4,Northwest,Sunny
2014-01-12 14,0,2,1036,10,14.4,Northwest,Sunny
2014-01-12 15,0,4,1035,9,14.4,Northwest,Sunny
2014-01-12 16,0,3,1035,9,18,Northwest,Sunny
2014-01-12 17,0,2,1035,10,10.8,NULL,Sunny
2014-01-12 18,0,1,1035,12,10.8,Southwest,Sunny
2014-01-12 19,0,0,1035,14,14.4,Southwest,Sunny
2014-01-12 20,1,-2,1035,21,0,NULL,Sunny
2014-01-12 21,1,-4,1035,24,3.6,NULL,Sunny
2014-01-12 22,2,-8,1035,35,10.8,North,Sunny
2014-01-12 23,2,-9,1035,35,3.6,Northeast,NULL
2014-01-13 00,2,-9,1034,45,3.6,NULL,NULL
2014-01-13 01,2,-9,1034,41,7.2,North,NULL
2014-01-13 02,2,-9,1034,41,3.6,NULL,NULL
2014-01-13 03,2,-9,1034,49,7.2,North,NULL
2014-01-13 04,2,-11,1033,48,7.2,North,NULL
2014-01-13 05,2,-11,1033,48,7.2,North,NULL
2014-01-13 06,3,-12,1033,57,3.6,Northeast,NULL
2014-01-13 07,4,-11,1033,53,7.2,North,NULL
2014-01-13 08,4,-11,1033,53,3.6,Northeast,NULL
2014-01-13 09,4,-8,1034,49,7.2,Northeast,NULL
2014-01-13 10,4,-4,1033,34,3.6,NULL,NULL
2014-01-13 11,4,-1,1033,27,3.6,NULL,NULL
2014-01-13 12,NULL,0,1031,23,3.6,NULL,NULL
2014-01-13 13,0,1,1030,15,3.6,NULL,NULL
2014-01-13 14,1,2,1029,16,3.6,NULL,NULL
2014-01-13 15,2,3,1029,13,7.2,Southwest,NULL
2014-01-13 16,2,3,1029,13,3.6,NULL,NULL
2014-01-13 17,3,0,1029,18,3.6,East,NULL
2014-01-13 18,3,-2,1030,25,3.6,NULL,NULL
2014-01-13 19,3,-6,1030,36,7.2,Northeast,NULL
2014-01-13 20,4,-6,1031,46,7.2,East,Foggy
2014-01-13 21,4,-7,1031,42,7.2,Northeast,Foggy
2014-01-13 22,4,-7,1032,46,3.6,Southeast,Foggy
2014-01-13 23,4,-8,1032,42,7.2,Northeast,Foggy
2014-01-14 00,4,-7,1033,42,7.2,North,Foggy
2014-01-14 01,4,-8,1033,42,7.2,North,Foggy
2014-01-14 02,4,-9,1033,41,10.8,North,NULL
2014-01-14 03,3,-8,1034,42,18,North,NULL
2014-01-14 04,2,-10,1034,41,14.4,North,NULL
2014-01-14 05,1,-9,1034,45,3.6,NULL,NULL
2014-01-14 06,0,-9,1034,41,3.6,NULL,NULL
2014-01-14 07,0,-9,1035,49,3.6,NULL,NULL
2014-01-14 08,0,-11,1035,57,7.2,North,NULL
2014-01-14 09,3,-7,1036,54,7.2,North,Foggy
2014-01-14 10,3,-2,1036,47,7.2,North,Foggy
2014-01-14 11,3,-1,1036,23,3.6,NULL,Sunny
2014-01-14 12,3,1,1035,15,3.6,NULL,Sunny
2014-01-14 13,4,2,1033,13,3.6,NULL,Sunny
2014-01-14 14,4,3,1033,13,7.2,Northwest,Sunny
2014-01-14 15,4,3,1033,15,7.2,NULL,Sunny
2014-01-14 16,3,3,1032,19,10.8,Southwest,Sunny
2014-01-14 17,3,1,1033,25,10.8,Southwest,NULL
2014-01-14 18,2,0,1033,30,10.8,South,NULL
2014-01-14 19,2,0,1033,27,10.8,Southwest,NULL
2014-01-14 20,2,1,1033,28,7.2,NULL,NULL
2014-01-14 21,2,-5,1034,46,3.6,NULL,NULL
2014-01-14 22,2,-5,1034,50,3.6,NULL,NULL
2014-01-14 23,3,-6,1034,54,3.6,NULL,Foggy
2014-01-15 00,3,-8,1034,58,3.6,Northeast,Foggy
2014-01-15 01,3,-8,1033,63,3.6,North,Foggy
2014-01-15 02,3,-7,1034,54,7.2,North,Foggy
2014-01-15 03,3,-10,1033,57,7.2,North,Foggy
2014-01-15 04,3,-10,1033,57,7.2,Northwest,NULL
2014-01-15 05,3,-10,1033,53,3.6,NULL,NULL
2014-01-15 06,3,-10,1032,49,3.6,NULL,NULL
2014-01-15 07,3,-10,1033,53,10.8,Northwest,Sunny
2014-01-15 08,2,-7,1033,42,7.2,Northwest,Sunny
2014-01-15 09,2,-5,1033,36,10.8,Northwest,Sunny
2014-01-15 10,3,-2,1033,31,14.4,Northwest,Sunny
2014-01-15 11,2,0,1033,25,7.2,Northwest,Sunny
2014-01-15 12,1,2,1032,18,7.2,NULL,Sunny
2014-01-15 13,1,5,1030,13,3.6,NULL,Sunny
2014-01-15 14,1,5,1029,13,3.6,NULL,Sunny
2014-01-15 15,1,5,1029,13,7.2,NULL,Sunny
2014-01-15 16,2,5,1029,12,3.6,NULL,Sunny
2014-01-15 17,2,2,1028,14,7.2,Southeast,Sunny
2014-01-15 18,4,2,1029,26,14.4,South,NULL
2014-01-15 19,5,0,1029,32,10.8,South,NULL
2014-01-15 20,5,-2,1029,43,3.6,NULL,NULL
2014-01-15 21,5,-2,1029,51,3.6,NULL,Foggy
2014-01-15 22,5,-2,1028,51,7.2,East,Foggy
2014-01-15 23,5,-2,1029,55,3.6,NULL,Foggy
2014-01-16 00,5,-3,1028,59,7.2,East,Foggy
2014-01-16 01,5,-3,1027,64,3.6,NULL,Foggy
2014-01-16 02,5,-3,1027,64,3.6,NULL,Foggy
2014-01-16 03,5,-3,1027,69,3.6,NULL,Foggy
2014-01-16 04,5,-3,1027,74,7.2,Northeast,Foggy
2014-01-16 05,5,-3,1026,74,7.2,East,Foggy
2014-01-16 06,5,-4,1027,80,3.6,North,Foggy
2014-01-16 07,5,-4,1027,80,3.6,North,Foggy
2014-01-16 08,5,-5,1028,80,7.2,North,Foggy
2014-01-16 09,5,-5,1028,80,7.2,North,Foggy
2014-01-16 10,5,-2,1028,74,3.6,NULL,Foggy
2014-01-16 11,5,1,1028,41,7.2,Northeast,Foggy
2014-01-16 12,5,2,1027,38,14.4,Northeast,Foggy
2014-01-16 13,5,3,1027,38,10.8,Northeast,Foggy
2014-01-16 14,5,4,1026,33,7.2,East,Foggy
2014-01-16 15,4,5,1027,23,7.2,East,Foggy
2014-01-16 16,2,5,1027,24,7.2,Southeast,Foggy
2014-01-16 17,4,3,1027,36,7.2,Southeast,Foggy
2014-01-16 18,5,0,1029,60,10.8,Southeast,Foggy
2014-01-16 19,5,-2,1029,69,7.2,Southeast,Foggy
2014-01-16 20,5,-1,1030,69,7.2,Southeast,Foggy
2014-01-16 21,5,-1,1031,75,3.6,NULL,Foggy
2014-01-16 22,5,-2,1031,80,7.2,Southeast,Foggy
2014-01-16 23,5,-1,1031,80,7.2,Southeast,Foggy
2014-01-17 00,5,-1,1031,80,14.4,Southeast,Foggy
2014-01-17 01,5,-2,1031,80,10.8,Southeast,Foggy
2014-01-17 02,5,-2,1031,80,10.8,Southeast,Foggy
2014-01-17 03,5,-2,1031,69,18,Southeast,Snowy
2014-01-17 04,5,-2,1031,55,18,Southeast,Snowy
2014-01-17 05,4,-3,1031,59,21.6,Southeast,NULL
2014-01-17 06,4,-3,1031,59,18,South,NULL
2014-01-17 07,2,-3,1032,59,3.6,NULL,Snowy
2014-01-17 08,NULL,-3,1032,59,7.2,Southeast,NULL
2014-01-17 09,2,-3,1033,59,7.2,Southeast,Sunny
2014-01-17 10,2,-2,1033,55,7.2,Southeast,Sunny
2014-01-17 11,2,0,1033,51,3.6,NULL,Sunny
2014-01-17 12,2,1,1032,44,7.2,Southeast,Sunny
2014-01-17 13,3,3,1031,36,3.6,NULL,NULL
2014-01-17 14,4,5,1030,26,7.2,NULL,NULL
2014-01-17 15,4,5,1030,14,25.2,Northwest,Sunny
2014-01-17 16,3,5,1030,14,25.2,Northwest,Sunny
2014-01-17 17,4,4,1030,14,25.2,West,Sunny
2014-01-17 18,4,4,1031,12,25.2,West,Sunny
2014-01-17 19,5,3,1031,15,14.4,West,Sunny
2014-01-17 20,5,3,1031,15,14.4,Northwest,Sunny
2014-01-17 21,5,3,1032,15,14.4,Northwest,Sunny
2014-01-17 22,5,-1,1032,27,14.4,North,Sunny
2014-01-17 23,5,3,1032,13,18,Northwest,Sunny
2014-01-18 00,5,1,1032,17,18,Northwest,Sunny
2014-01-18 01,5,-2,1032,25,10.8,North,Sunny
2014-01-18 02,5,2,1033,17,21.6,Northwest,Sunny
2014-01-18 03,5,-1,1033,29,18,North,Sunny
2014-01-18 04,5,-4,1033,36,18,North,Sunny
2014-01-18 05,4,-5,1033,43,7.2,Northeast,Sunny
2014-01-18 06,3,-8,1033,53,7.2,Northeast,Sunny
2014-01-18 07,2,-6,1034,42,10.8,Northeast,Sunny
2014-01-18 08,5,-5,1034,43,10.8,North,Sunny
2014-01-18 09,5,-1,1035,34,10.8,North,Sunny
2014-01-18 10,4,3,1035,19,10.8,North,Sunny
2014-01-18 11,2,4,1035,16,14.4,Northeast,Sunny
2014-01-18 12,0,5,1034,15,3.6,NULL,Sunny
2014-01-18 13,4,6,1033,13,7.2,NULL,Sunny
2014-01-18 14,4,6,1032,14,10.8,South,Sunny
2014-01-18 15,3,6,1032,15,14.4,Southwest,Sunny
2014-01-18 16,2,5,1031,18,18,South,NULL
2014-01-18 17,2,3,1031,20,14.4,South,NULL
2014-01-18 18,2,3,1032,19,7.2,South,NULL
2014-01-18 19,2,1,1032,28,3.6,NULL,NULL
2014-01-18 20,3,1,1031,30,7.2,South,NULL
2014-01-18 21,3,1,1031,32,14.4,Southeast,NULL
2014-01-18 22,4,-2,1032,47,7.2,Southeast,NULL
2014-01-18 23,4,-2,1031,51,14.4,Southeast,NULL
2014-01-19 00,3,-2,1030,59,14.4,Southeast,NULL
2014-01-19 01,2,-2,1030,64,14.4,Southeast,NULL
2014-01-19 02,3,-2,1030,64,7.2,Southeast,NULL
2014-01-19 03,3,-2,1028,64,10.8,Southeast,NULL
2014-01-19 04,3,-2,1027,69,3.6,NULL,NULL
2014-01-19 05,2,-3,1027,74,3.6,NULL,NULL
2014-01-19 06,2,-3,1026,74,7.2,Southeast,Foggy
2014-01-19 07,2,-2,1026,69,3.6,NULL,Foggy
2014-01-19 08,3,-3,1025,74,3.6,NULL,Foggy
2014-01-19 09,3,-2,1026,69,3.6,NULL,Foggy
2014-01-19 10,3,-2,1026,74,7.2,North,Foggy
2014-01-19 11,3,-1,1025,69,7.2,North,Foggy
2014-01-19 12,3,1,1023,56,3.6,NULL,Foggy
2014-01-19 13,4,2,1021,48,7.2,NULL,Foggy
2014-01-19 14,4,3,1020,41,7.2,Southeast,Foggy
2014-01-19 15,4,3,1020,41,10.8,Southeast,Foggy
2014-01-19 16,4,3,1020,41,7.2,South,Foggy
2014-01-19 17,4,3,1021,41,7.2,South,Foggy
2014-01-19 18,4,1,1022,48,3.6,NULL,Foggy
2014-01-19 19,4,5,1023,14,43.2,Northwest,NULL
2014-01-19 20,4,3,1024,16,36,Northwest,Sunny
2014-01-19 21,1,2,1025,17,28.8,Northwest,Sunny
2014-01-19 22,0,2,1026,16,32.4,Northwest,Sunny
2014-01-19 23,0,1,1025,18,25.2,Northwest,Sunny
2014-01-20 00,0,-1,1025,25,14.4,Northwest,Sunny
2014-01-20 01,0,0,1026,21,36,Northwest,Sunny
2014-01-20 02,0,-1,1027,21,36,Northwest,Sunny
2014-01-20 03,0,-1,1027,18,54,Northwest,Sunny
2014-01-20 04,0,-2,1027,21,46.8,Northwest,Sunny
2014-01-20 05,0,-2,1028,23,39.6,Northwest,Sunny
2014-01-20 06,0,-3,1028,24,21.6,Northwest,Sunny
2014-01-20 07,0,-2,1028,23,32.4,Northwest,Sunny
2014-01-20 08,0,-2,1029,23,43.2,Northwest,Sunny
2014-01-20 09,0,-1,1029,21,39.6,Northwest,Sunny
2014-01-20 10,0,0,1030,17,43.2,Northwest,Sunny
2014-01-20 11,0,1,1030,14,43.2,Northwest,Sunny
2014-01-20 12,0,2,1030,12,43.2,Northwest,Sunny
2014-01-20 13,0,3,1029,12,39.6,Northwest,Sunny
2014-01-20 14,0,4,1029,11,46.8,Northwest,Sunny
2014-01-20 15,0,3,1029,11,43.2,Northwest,Sunny
2014-01-20 16,0,3,1030,12,39.6,Northwest,Sunny
2014-01-20 17,0,2,1030,13,36,Northwest,Sunny
2014-01-20 18,0,1,1032,14,36,Northwest,Sunny
2014-01-20 19,0,0,1032,17,28.8,Northwest,Sunny
2014-01-20 20,0,0,1033,21,25.2,Northwest,Sunny
2014-01-20 21,0,-1,1034,23,25.2,Northwest,Sunny
2014-01-20 22,0,-1,1034,23,18,Northwest,Sunny
2014-01-20 23,0,-1,1034,23,25.2,Northwest,Sunny
2014-01-21 00,0,-2,1034,25,25.2,Northwest,Sunny
2014-01-21 01,0,-3,1034,26,21.6,Northwest,Sunny
2014-01-21 02,0,-2,1034,21,32.4,Northwest,Sunny
2014-01-21 03,0,-6,1035,28,14.4,North,Sunny
2014-01-21 04,0,-4,1035,24,18,Northwest,Sunny
2014-01-21 05,0,-6,1035,28,10.8,Northwest,Sunny
2014-01-21 06,0,-5,1035,28,18,North,Sunny
2014-01-21 07,0,-5,1035,26,18,North,Sunny
2014-01-21 08,0,-5,1035,28,10.8,Northeast,Sunny
2014-01-21 09,0,-3,1035,26,10.8,Northeast,Sunny
2014-01-21 10,0,-1,1035,21,10.8,North,Sunny
2014-01-21 11,0,2,1035,14,10.8,North,Sunny
2014-01-21 12,0,2,1033,13,3.6,NULL,Sunny
2014-01-21 13,1,4,1032,11,7.2,Northwest,Sunny
2014-01-21 14,1,4,1030,10,10.8,NULL,Sunny
2014-01-21 15,1,4,1030,11,14.4,Southwest,Sunny
2014-01-21 16,1,3,1029,12,18,Southwest,Sunny
2014-01-21 17,1,3,1029,13,14.4,Southwest,Sunny
2014-01-21 18,1,1,1029,14,10.8,South,NULL
2014-01-21 19,1,1,1029,15,10.8,Southwest,NULL
2014-01-21 20,2,-1,1028,23,7.2,Southeast,NULL
2014-01-21 21,2,-1,1028,25,7.2,South,NULL
2014-01-21 22,3,-4,1028,34,3.6,NULL,NULL
2014-01-21 23,3,-5,1027,36,3.6,Northeast,NULL
2014-01-22 00,3,-6,1027,39,7.2,East,NULL
2014-01-22 01,4,-6,1026,36,3.6,Northeast,NULL
2014-01-22 02,4,-8,1026,45,3.6,North,NULL
2014-01-22 03,4,-8,1026,45,7.2,North,NULL
2014-01-22 04,4,-9,1025,49,7.2,North,NULL
2014-01-22 05,4,-9,1025,49,7.2,North,NULL
2014-01-22 06,3,-9,1025,53,7.2,North,NULL
2014-01-22 07,3,-10,1025,49,10.8,North,NULL
2014-01-22 08,2,-9,1025,49,10.8,North,NULL
2014-01-22 09,2,-5,1025,43,3.6,NULL,NULL
2014-01-22 10,2,-2,1025,29,10.8,Northwest,NULL
2014-01-22 11,2,0,1025,21,7.2,Northwest,NULL
2014-01-22 12,2,2,1024,18,3.6,NULL,NULL
2014-01-22 13,2,3,1023,17,7.2,Southwest,NULL
2014-01-22 14,2,5,1021,14,7.2,Southeast,NULL
2014-01-22 15,2,5,1021,13,3.6,NULL,NULL
2014-01-22 16,3,5,1021,14,7.2,Southwest,NULL
2014-01-22 17,3,4,1021,15,3.6,NULL,NULL
2014-01-22 18,3,1,1021,20,3.6,NULL,Foggy
2014-01-22 19,4,-2,1021,34,3.6,Southeast,Foggy
2014-01-22 20,4,-2,1022,34,3.6,East,Foggy
2014-01-22 21,4,-4,1022,40,7.2,East,Foggy
2014-01-22 22,4,-5,1022,39,7.2,Northeast,Foggy
2014-01-22 23,4,-5,1022,46,7.2,East,Foggy
2014-01-23 00,5,-3,1021,37,7.2,East,Foggy
2014-01-23 01,5,-6,1021,46,7.2,North,Foggy
2014-01-23 02,5,-7,1020,54,0,NULL,Foggy
2014-01-23 03,5,-7,1020,54,0,NULL,Foggy
2014-01-23 04,5,-7,1020,54,3.6,North,Foggy
2014-01-23 05,NULL,-8,1019,53,0,NULL,Foggy
2014-01-23 06,5,-8,1018,58,3.6,Northwest,Foggy
2014-01-23 07,5,-8,1018,53,7.2,North,Foggy
2014-01-23 08,4,-6,1018,50,7.2,North,Foggy
2014-01-23 09,4,-5,1018,54,3.6,NULL,Foggy
2014-01-23 10,4,-2,1017,40,0,NULL,Foggy
2014-01-23 11,NULL,0,1018,30,7.2,North,Foggy
2014-01-23 12,4,2,1016,28,3.6,NULL,Foggy
2014-01-23 13,4,2,1015,28,7.2,Northeast,Foggy
2014-01-23 14,4,2,1014,30,3.6,NULL,Foggy
2014-01-23 15,4,3,1014,28,3.6,NULL,Foggy
2014-01-23 16,NULL,3,1013,28,3.6,NULL,Foggy
2014-01-23 17,NULL,1,1013,32,3.6,Northeast,Foggy
2014-01-23 18,4,-1,1014,44,3.6,NULL,Foggy
2014-01-23 19,5,-4,1015,54,3.6,NULL,Foggy
2014-01-23 20,5,-3,1015,55,3.6,North,Foggy
2014-01-23 21,5,-5,1015,59,7.2,Northeast,Foggy
2014-01-23 22,5,-4,1015,59,3.6,North,Foggy
2014-01-23 23,5,-3,1016,55,7.2,Northwest,Foggy
2014-01-24 00,5,-3,1015,55,7.2,Northwest,Foggy
2014-01-24 01,5,-3,1016,51,7.2,Northwest,Foggy
2014-01-24 02,5,-3,1015,55,7.2,North,Foggy
2014-01-24 03,4,-3,1014,55,10.8,North,Foggy
2014-01-24 04,4,-2,1015,47,7.2,Northwest,Foggy
2014-01-24 05,4,-3,1014,51,14.4,North,Foggy
2014-01-24 06,4,-3,1014,51,18,North,Foggy
2014-01-24 07,4,-3,1016,51,3.6,NULL,Foggy
2014-01-24 08,4,-3,1016,51,3.6,NULL,Foggy
2014-01-24 09,4,-1,1017,44,7.2,North,Foggy
2014-01-24 10,4,1,1017,35,7.2,North,Foggy
2014-01-24 11,4,4,1019,22,10.8,Northwest,Foggy
2014-01-24 12,4,5,1018,23,18,Northwest,Foggy
2014-01-24 13,4,7,1017,18,14.4,North,Foggy
2014-01-24 14,3,10,1016,10,18,Northeast,Sunny
2014-01-24 15,2,10,1017,9,14.4,Northeast,Sunny
2014-01-24 16,1,10,1017,8,18,Northeast,Sunny
2014-01-24 17,1,9,1018,8,14.4,Northeast,Sunny
2014-01-24 18,1,9,1019,8,14.4,Northeast,Sunny
2014-01-24 19,0,8,1020,8,14.4,Northeast,Sunny
2014-01-24 20,0,5,1021,11,10.8,Northeast,Sunny
2014-01-24 21,0,4,1021,12,10.8,North,Sunny
2014-01-24 22,0,4,1021,12,7.2,Northeast,Sunny
2014-01-24 23,0,1,1022,18,14.4,North,Sunny
2014-01-25 00,NULL,1,1023,20,7.2,Northeast,Sunny
2014-01-25 01,1,-1,1022,25,7.2,Northwest,Sunny
2014-01-25 02,NULL,-1,1023,29,3.6,NULL,Sunny
2014-01-25 03,1,-1,1023,29,3.6,NULL,Sunny
2014-01-25 04,1,-1,1023,29,7.2,North,Sunny
2014-01-25 05,1,-2,1023,37,7.2,North,Sunny
2014-01-25 06,NULL,1,1024,22,10.8,North,Sunny
2014-01-25 07,1,1,1025,18,10.8,Northwest,Sunny
2014-01-25 08,0,0,1026,21,10.8,North,Sunny
2014-01-25 09,NULL,5,1027,14,14.4,North,Sunny
2014-01-25 10,NULL,6,1028,14,14.4,Northeast,Sunny
2014-01-25 11,0,6,1028,13,18,Northeast,Sunny
2014-01-25 12,0,6,1028,12,21.6,Northeast,Sunny
2014-01-25 13,0,6,1027,12,21.6,Northeast,Sunny
2014-01-25 14,NULL,6,1027,10,21.6,Northeast,Sunny
2014-01-25 15,0,6,1027,10,18,Northeast,Sunny
2014-01-25 16,0,5,1027,11,14.4,Northeast,Sunny
2014-01-25 17,0,4,1028,11,3.6,East,Sunny
2014-01-25 18,0,0,1029,17,3.6,NULL,Sunny
2014-01-25 19,NULL,-1,1030,23,3.6,North,Sunny
2014-01-25 20,NULL,-2,1031,21,10.8,North,Sunny
2014-01-25 21,NULL,0,1032,38,10.8,Southeast,Sunny
2014-01-25 22,NULL,0,1033,60,10.8,Southeast,Sunny
2014-01-25 23,NULL,-1,1034,64,14.4,Southeast,Sunny
2014-01-26 00,1,-2,1034,64,10.8,Southeast,Sunny
2014-01-26 01,1,-3,1034,64,7.2,Southeast,Sunny
2014-01-26 02,0,-5,1034,74,3.6,NULL,Sunny
2014-01-26 03,1,-3,1034,69,7.2,Southeast,Sunny
2014-01-26 04,1,-2,1033,59,7.2,Southeast,NULL
2014-01-26 05,0,-2,1033,59,7.2,Southeast,NULL
2014-01-26 06,0,-3,1033,59,7.2,Southeast,NULL
2014-01-26 07,0,-5,1034,59,10.8,South,NULL
2014-01-26 08,0,-6,1034,63,7.2,Southeast,Sunny
2014-01-26 09,0,-3,1033,55,7.2,Southeast,Sunny
2014-01-26 10,1,-1,1033,51,10.8,Southeast,Sunny
2014-01-26 11,1,1,1032,41,14.4,South,Sunny
2014-01-26 12,0,2,1031,38,18,South,Sunny
2014-01-26 13,0,2,1029,35,18,South,Sunny
2014-01-26 14,1,2,1027,35,14.4,South,Sunny
2014-01-26 15,1,3,1026,33,14.4,South,Sunny
2014-01-26 16,1,3,1024,30,14.4,South,Sunny
2014-01-26 17,1,2,1024,33,7.2,Southeast,Sunny
2014-01-26 18,1,1,1024,35,3.6,NULL,Sunny
2014-01-26 19,1,0,1024,41,10.8,Southeast,Sunny
2014-01-26 20,2,0,1023,41,10.8,Southeast,Sunny
2014-01-26 21,2,-1,1023,51,7.2,Southeast,Sunny
2014-01-26 22,3,-2,1022,64,10.8,Southeast,NULL
2014-01-26 23,3,-3,1021,69,7.2,East,NULL
2014-01-27 00,3,-3,1020,69,7.2,East,NULL
2014-01-27 01,3,-5,1020,74,0,NULL,NULL
2014-01-27 02,3,-6,1019,74,3.6,Northeast,NULL
2014-01-27 03,2,-6,1019,74,0,NULL,Foggy
2014-01-27 04,2,-7,1018,80,7.2,Northwest,Foggy
2014-01-27 05,2,-6,1017,74,7.2,North,Foggy
2014-01-27 06,2,-7,1017,74,10.8,North,Foggy
2014-01-27 07,2,-7,1017,80,7.2,North,Foggy
2014-01-27 08,2,-6,1017,74,7.2,North,Foggy
2014-01-27 09,2,-4,1017,74,10.8,North,Foggy
2014-01-27 10,2,-1,1017,60,10.8,North,Foggy
2014-01-27 11,2,2,1018,38,10.8,Northwest,Foggy
2014-01-27 12,3,3,1017,33,10.8,Northwest,Foggy
2014-01-27 13,3,5,1016,29,10.8,North,NULL
2014-01-27 14,3,7,1016,25,10.8,North,NULL
2014-01-27 15,3,7,1016,25,7.2,Northwest,NULL
2014-01-27 16,3,7,1017,25,7.2,North,NULL
2014-01-27 17,1,6,1018,27,3.6,NULL,NULL
2014-01-27 18,0,8,1020,12,25.2,Northwest,Sunny
2014-01-27 19,0,7,1022,7,32.4,North,Sunny
2014-01-27 20,0,7,1023,7,39.6,Northwest,Sunny
2014-01-27 21,0,5,1025,8,32.4,Northwest,Sunny
2014-01-27 22,0,4,1026,8,28.8,Northwest,Sunny
2014-01-27 23,0,2,1027,11,10.8,Northeast,Sunny
2014-01-28 00,0,2,1028,13,7.2,Northeast,Sunny
2014-01-28 01,0,-1,1028,21,10.8,North,Sunny
2014-01-28 02,0,-3,1029,24,14.4,North,Sunny
2014-01-28 03,0,-4,1029,26,10.8,North,Sunny
2014-01-28 04,0,-5,1029,28,10.8,North,Sunny
2014-01-28 05,0,-5,1029,26,3.6,NULL,Sunny
2014-01-28 06,0,-4,1029,26,10.8,Northeast,Sunny
2014-01-28 07,0,-3,1030,22,7.2,Southeast,Sunny
2014-01-28 08,0,-4,1031,26,3.6,NULL,Sunny
2014-01-28 09,0,0,1031,23,3.6,NULL,Sunny
2014-01-28 10,0,1,1031,17,7.2,East,Sunny
2014-01-28 11,0,2,1031,26,10.8,East,Sunny
2014-01-28 12,0,3,1030,24,14.4,Southeast,Sunny
2014-01-28 13,1,5,1028,31,21.6,Southwest,Sunny
2014-01-28 14,1,5,1028,29,21.6,Southwest,Sunny
2014-01-28 15,1,5,1027,31,18,South,Sunny
2014-01-28 16,1,5,1026,29,18,South,Sunny
2014-01-28 17,1,4,1025,28,14.4,South,Sunny
2014-01-28 18,2,1,1025,32,10.8,South,Sunny
2014-01-28 19,1,0,1025,38,10.8,Southeast,Sunny
2014-01-28 20,1,1,1025,44,14.4,Southeast,Sunny
2014-01-28 21,1,-1,1025,60,14.4,Southeast,Sunny
2014-01-28 22,2,-2,1024,64,14.4,Southeast,Sunny
2014-01-28 23,1,-3,1023,69,7.2,East,Sunny
2014-01-29 00,1,-4,1023,69,7.2,East,Sunny
2014-01-29 01,1,-5,1022,74,7.2,Northeast,Sunny
2014-01-29 02,1,-4,1021,74,7.2,East,Sunny
2014-01-29 03,1,-5,1020,74,3.6,NULL,Sunny
2014-01-29 04,1,-6,1019,74,0,NULL,Sunny
2014-01-29 05,1,-7,1017,80,3.6,Northeast,NULL
2014-01-29 06,1,-7,1016,80,3.6,NULL,NULL
2014-01-29 07,1,-7,1016,80,3.6,Northeast,NULL
2014-01-29 08,1,-7,1015,80,7.2,Southeast,NULL
2014-01-29 09,1,-3,1016,74,3.6,NULL,NULL
2014-01-29 10,2,-2,1015,69,7.2,Southeast,NULL
2014-01-29 11,2,0,1014,60,7.2,East,NULL
2014-01-29 12,2,1,1013,52,7.2,Northeast,NULL
2014-01-29 13,2,2,1012,44,7.2,East,NULL
2014-01-29 14,3,2,1011,44,3.6,NULL,Foggy
2014-01-29 15,3,3,1011,41,3.6,NULL,Foggy
2014-01-29 16,4,3,1011,41,3.6,NULL,Foggy
2014-01-29 17,4,2,1011,44,3.6,NULL,Foggy
2014-01-29 18,4,-1,1011,60,3.6,Northeast,Foggy
2014-01-29 19,4,-3,1012,64,3.6,Northeast,Foggy
2014-01-29 20,4,-3,1013,64,7.2,North,Foggy
2014-01-29 21,4,-3,1013,64,10.8,North,Foggy
2014-01-29 22,4,-4,1013,64,10.8,North,Foggy
2014-01-29 23,4,-2,1013,64,3.6,NULL,Foggy
2014-01-30 00,4,-3,1014,59,3.6,NULL,Foggy
2014-01-30 01,4,-3,1014,59,3.6,NULL,Foggy
2014-01-30 02,4,-4,1015,64,7.2,Southeast,Foggy
2014-01-30 03,4,-2,1015,55,3.6,NULL,NULL
2014-01-30 04,4,-1,1016,34,18,Northwest,Sunny
2014-01-30 05,1,-4,1016,46,14.4,Northwest,Sunny
2014-01-30 06,0,1,1017,18,21.6,Northwest,Sunny
2014-01-30 07,0,0,1018,21,14.4,Northwest,Sunny
2014-01-30 08,0,-2,1019,27,10.8,North,Sunny
2014-01-30 09,0,4,1020,12,3.6,NULL,Sunny
2014-01-30 10,0,4,1021,11,14.4,Northeast,Sunny
2014-01-30 11,0,5,1021,9,10.8,Northeast,Sunny
2014-01-30 12,0,7,1020,7,7.2,Northeast,Sunny
2014-01-30 13,0,7,1018,7,10.8,East,Sunny
2014-01-30 14,0,8,1017,7,7.2,East,Sunny
2014-01-30 15,0,8,1017,7,7.2,East,Sunny
2014-01-30 16,0,8,1017,7,14.4,South,Sunny
2014-01-30 17,0,7,1017,9,14.4,Southeast,Sunny
2014-01-30 18,0,4,1018,11,7.2,Southeast,Sunny
2014-01-30 19,1,4,1018,19,18,Southeast,Sunny
2014-01-30 20,2,2,1019,52,18,Southeast,NULL
2014-01-30 21,4,0,1020,64,10.8,Southeast,NULL
2014-01-30 22,4,-1,1020,75,14.4,Southeast,NULL
2014-01-30 23,3,-2,1020,74,10.8,Southeast,NULL
2014-01-31 00,4,-1,1021,64,10.8,Southeast,Foggy
2014-01-31 01,4,-1,1021,64,7.2,Southeast,Foggy
2014-01-31 02,5,-1,1021,64,10.8,Southeast,Foggy
2014-01-31 03,5,-2,1021,69,7.2,East,Foggy
2014-01-31 04,4,-2,1020,64,3.6,NULL,Foggy
2014-01-31 05,4,-4,1020,69,3.6,Northeast,Foggy
2014-01-31 06,3,-4,1020,69,7.2,North,Foggy
2014-01-31 07,3,-3,1020,69,7.2,North,Foggy
2014-01-31 08,2,-4,1020,74,7.2,North,Foggy
2014-01-31 09,2,-1,1020,69,14.4,North,Foggy
2014-01-31 10,2,1,1020,56,14.4,Northwest,Foggy
2014-01-31 11,2,2,1020,52,14.4,North,Foggy
2014-01-31 12,2,2,1019,52,3.6,NULL,Foggy
2014-01-31 13,2,3,1019,48,7.2,West,Foggy
2014-01-31 14,2,3,1018,52,3.6,NULL,Foggy
2014-01-31 15,2,3,1017,56,7.2,Southeast,Foggy
2014-01-31 16,2,3,1017,56,7.2,Southeast,Foggy
2014-01-31 17,3,2,1017,56,3.6,NULL,Foggy
2014-01-31 18,3,2,1018,52,3.6,NULL,Foggy
2014-01-31 19,3,1,1019,56,3.6,NULL,Foggy
2014-01-31 20,3,2,1019,60,3.6,NULL,Foggy
2014-01-31 21,3,2,1019,60,3.6,NULL,Foggy
2014-01-31 22,4,2,1019,60,0,NULL,Foggy
2014-01-31 23,4,2,1019,65,3.6,NULL,Foggy
