﻿<?xml version="1.0" encoding="utf-8"?>
<RoleModel xmlns:xsi="http://www.w3.org/2001/XMLSchema-instance" xmlns:xsd="http://www.w3.org/2001/XMLSchema" name="HelloWorld_WebRole" version="2.3.6491.3" xmlns="http://schemas.microsoft.com/ServiceHosting/2008/10/ServiceDefinition">
  <Startup>
    <Task commandLine="DiagnosticsAgent.exe" taskType="background" relativePath="plugins\Diagnostics">
      <Environment>
        <Variable name="RdModuleName" value="Diagnostics" />
        <Variable name="WaRoleType" value="IISWebRole" />
      </Environment>
    </Task>
    <Task commandLine="DiagnosticsAgent.exe /blockStartup" relativePath="plugins\Diagnostics">
      <Environment>
        <Variable name="RdModuleName" value="Diagnostics" />
        <Variable name="WaRoleType" value="IISWebRole" />
      </Environment>
    </Task>
  </Startup>
  <Runtime>
    <EntryPoint>
      <NetFxEntryPoint assemblyName="HelloWorld_WebRole.dll" targetFrameworkVersion="v4.0" />
    </EntryPoint>
  </Runtime>
  <ConfigurationSettings>
    <Setting name="ConnectionString" nameSpace="Microsoft.WindowsAzure.Plugins.Diagnostics" />
  </ConfigurationSettings>
  <Properties>
    <Property name="TargetFrameworkVersion" value="v4.0" />
    <Property name="RoleType" value="Web" />
    <Property name="RoleName" value="HelloWorld_WebRole" />
    <Property name="ProjectName" value="HelloWorld_WebRole" />
    <Property name="Configuration" value="Debug" />
    <Property name="Platform" value="AnyCPU" />
    <Property name="RoleTargetFramework" value="v4.0" />
    <Property name="OutputDir" value="D:\programdesign\Azure\Windows Azure HelloWorld Sample\C#\HelloWorld\obj\Debug\HelloWorld_WebRole\" />
    <Property name="EntryPoint" value="HelloWorld_WebRole.dll" />
    <Property name="SourceDir" value="D:\programdesign\Azure\Windows Azure HelloWorld Sample\C#\HelloWorld_WebRole\" />
    <Property name="SitePhysicalPath" value="D:\programdesign\Azure\Windows Azure HelloWorld Sample\C#\HelloWorld_WebRole\" />
    <Property name="TargetRuntimeVersion" value="v4.0" />
  </Properties>
  <Sites>
    <Site name="Web" physicalDirectory="D:\programdesign\Azure\Windows Azure HelloWorld Sample\C#\HelloWorld_WebRole\">
      <Bindings>
        <Binding name="HttpIn" endpointName="HttpIn" />
      </Bindings>
    </Site>
  </Sites>
</RoleModel>